Delivery_Partner_ID,Partner_Name,Vehicle_Type,Avg_Delivery_Speed_KMPH,Successful_Deliveries,Delayed_Deliveries,Avg_Customer_Rating,Region,Delivery_Efficiency_Score
D0001,Arjun Sharma,Scooter,23.31080532,42,5,4.634090909,Metropolitian,0.81
D0002,Vikram Gupta,Bike,21.37841103,25,4,4.644444444,Metropolitian,0.784
D0003,Vikram Chopra,Bike,16.00842171,8,1,4.6375,Urban,0.754
D0004,Kiran Sharma,Bike,15.68659746,9,0,4.65,Urban,0.797
D0005,Arjun Sharma,Scooter,24.36152479,5,0,4.46,Metropolitian,0.85
D0006,Suresh Kumar,Bike,20.33817139,38,8,4.527272727,Metropolitian,0.755
D0007,Anita Reddy,Scooter,17.6689741,7,3,4.65,Metropolitian,0.692
D0008,Sunita Chopra,Car,20.54199475,7,1,4.8,Metropolitian,0.792
D0009,Ravi Patel,Bicycle,20.91035581,0,1,4.9,Semi-Urban,0.451
D0010,Anita Gupta,Scooter,23.21889881,44,3,4.625531915,Metropolitian,0.826
D0011,Priya Reddy,Scooter,22.82748205,3,0,4.733333333,Urban,0.855
D0012,Suresh Singh,Scooter,33.69340505,1,1,4.45,Urban,0.72
D0013,Kiran Kumar,Bike,20.7936074,8,0,4.75,Urban,0.841
D0014,Sunita Singh,Car,23.60260724,46,3,4.589583333,Metropolitian,0.828
D0015,Meena Iyer,Bike,24.07653044,38,6,4.66097561,Metropolitian,0.806
D0016,Suresh Iyer,Bike,19.46179894,6,2,4.6125,Metropolitian,0.723
D0017,Ravi Singh,Scooter,23.77206401,15,0,4.678571429,Urban,0.859
D0018,Kiran Chopra,Car,26.41808192,8,1,4.575,Urban,0.828
D0019,Priya Gupta,Bike,26.73188797,7,0,4.485714286,Metropolitian,0.87
D0020,Anita Patel,Car,22.26245181,10,1,4.736363636,Urban,0.815
D0021,Meena Patel,Scooter,19.12771133,9,1,4.78,Metropolitian,0.79
D0022,Vikram Patel,Bike,23.36456104,7,0,4.728571429,Metropolitian,0.859
D0023,Anita Singh,Car,16.36186628,2,0,4.8,Urban,0.811
D0024,Priya Patel,Bike,26.88717391,8,0,4.657142857,Urban,0.881
D0025,Priya Singh,Bike,21.0152161,3,0,4.7,Urban,0.84
D0026,Anita Gupta,Car,25.94878787,14,1,4.6,Urban,0.844
D0027,Suresh Patel,Car,31.21178523,13,1,4.635714286,Urban,0.884
D0028,Arjun Kumar,Scooter,23.43756703,34,5,4.589473684,Metropolitian,0.8
D0029,Kiran Das,Bike,27.50151982,14,0,4.814285714,Urban,0.895
D0030,Kiran Reddy,Bike,16.26962208,9,2,4.690909091,Metropolitian,0.731
D0031,Ravi Das,Bike,17.0184,4,1,4.675,Metropolitian,0.728
D0032,Meena Gupta,Bike,5.345146312,0,1,4.65,Semi-Urban,0.812
D0033,Ravi Gupta,Bike,24.30572732,11,0,4.61,Metropolitian,0.859
D0034,Anita Das,Car,23.52014599,6,0,4.75,Urban,0.861
D0035,Vikram Patel,Bike,25.0095769,33,2,4.628125,Metropolitian,0.842
D0036,Priya Reddy,Bike,19.56251404,13,0,4.730769231,Urban,0.831
D0037,Kiran Chopra,Car,27.53046186,11,1,4.590909091,Urban,0.849
D0038,Priya Reddy,Bike,26.24670942,6,1,4.528571429,Metropolitian,0.811
D0039,Vikram Singh,Bike,15.69462706,0,1,4.7,Semi-Urban,0.4
D0040,Kiran Gupta,Bike,6.26375102,1,0,4.2,Urban,0.699
D0041,Vikram Singh,Bike,27.92349234,14,1,4.671428571,Urban,0.863
D0042,Arjun Singh,Bike,22.01117887,40,8,4.534883721,Metropolitian,0.771
D0043,Suresh Chopra,Car,30.54472246,3,0,4.633333333,Urban,0.907
D0044,Ravi Chopra,Scooter,12.30508239,0,2,4.35,Semi-Urban,0.353
D0045,Sunita Kumar,Bike,22.8818955,34,5,4.631578947,Metropolitian,0.798
D0046,Suresh Sharma,Bike,24.81159558,11,1,4.816666667,Urban,0.842
D0047,Ravi Patel,Scooter,29.05866959,3,0,4.866666667,Urban,0.91
D0048,Meena Kumar,Car,21.66990658,2,1,4.833333333,Urban,0.719
D0049,Suresh Singh,Scooter,24.30279286,3,0,4.766666667,Urban,0.868
D0050,Ravi Reddy,Bike,26.32292639,7,1,4.5625,Metropolitian,0.821
D0051,Anita Iyer,Scooter,24.25015174,7,2,4.644444444,Urban,0.772
D0052,Arjun Reddy,Bike,17.40025301,12,1,4.769230769,Urban,0.786
D0053,Meena Das,Scooter,22.42898925,9,0,4.644444444,Urban,0.847
D0054,Rajesh Sharma,Scooter,20.90278118,46,5,4.662,Metropolitian,0.797
D0055,Anita Reddy,Bike,28.10546684,6,1,4.716666667,Metropolitian,0.837
D0056,Meena Nair,Bike,27.39517088,12,1,4.630769231,Urban,0.853
D0057,Priya Singh,Bike,18.96728633,16,2,4.755555556,Urban,0.783
D0058,Anita Nair,Bike,25.31541411,8,0,4.685714286,Urban,0.871
D0059,Meena Kumar,Scooter,24.50101423,10,0,4.62,Urban,0.861
D0060,Arjun Chopra,Scooter,18.3526434,4,0,4.775,Urban,0.824
D0061,Sunita Das,Scooter,29.5616026,14,0,4.671428571,Urban,0.902
D0062,Anita Sharma,Bike,21.54970032,7,0,4.383333333,Metropolitian,0.825
D0063,Suresh Chopra,Bike,27.05285884,6,0,4.725,Urban,0.886
D0064,Arjun Iyer,Scooter,28.56106441,11,1,4.666666667,Metropolitian,0.861
D0065,Meena Das,Bike,19.46734403,2,0,4.75,Urban,0.831
D0066,Ravi Chopra,Bike,24.32374177,8,3,4.56,Metropolitian,0.747
D0067,Sunita Kumar,Bike,21.80336283,39,5,4.576744186,Metropolitian,0.793
D0068,Ravi Patel,Car,22.69343901,14,2,4.54375,Urban,0.793
D0069,Rajesh Das,Scooter,17.77154781,38,6,4.654761905,Metropolitian,0.758
D0070,Anita Nair,Scooter,24.05841251,46,1,4.635555556,Metropolitian,0.85
D0071,Anita Das,Bike,24.94804544,43,2,4.502272727,Metropolitian,0.839
D0072,Priya Gupta,Scooter,25.76861947,6,1,4.742857143,Metropolitian,0.821
D0073,Priya Chopra,Bike,18.71298823,38,3,4.502564103,Metropolitian,0.781
D0074,Ravi Patel,Scooter,28.53840022,3,0,4.7,Urban,0.896
D0075,Ravi Gupta,Bike,24.97578562,38,2,4.548717949,Metropolitian,0.84
D0076,Vikram Sharma,Bike,17.50257146,17,0,4.633333333,Urban,0.809
D0077,Meena Singh,Bike,13.03524765,14,1,4.742857143,Urban,0.756
D0078,Kiran Kumar,Scooter,24.13479015,38,4,4.5725,Metropolitian,0.817
D0079,Ravi Sharma,Scooter,20.88172007,5,1,4.583333333,Metropolitian,0.765
D0080,Priya Sharma,Car,24.14674333,43,4,4.573913043,Metropolitian,0.821
D0081,Anita Singh,Car,14.90162806,4,0,4.75,Urban,0.797
D0082,Rajesh Patel,Scooter,19.53953718,40,7,4.652380952,Metropolitian,0.766
D0083,Anita Iyer,Bike,12.23605182,3,0,4.766666667,Urban,0.778
D0084,Rajesh Gupta,Bike,22.95534794,11,1,4.67,Urban,0.819
D0085,Kiran Nair,Bike,32.99619266,4,0,4.433333333,Urban,0.913
D0086,Anita Gupta,Car,23.77990738,29,3,4.596875,Metropolitian,0.817
D0087,Anita Singh,Scooter,14.65189914,2,0,4.75,Urban,0.795
D0088,Suresh Sharma,Bike,21.66734749,13,0,4.592307692,Urban,0.838
D0089,Anita Nair,Bike,19.6810472,40,8,4.634042553,Metropolitian,0.759
D0090,Priya Iyer,Bike,32.09252077,2,1,4.6,Urban,0.783
D0091,Anita Sharma,Bike,18.80860266,12,0,4.690909091,Urban,0.823
D0092,Suresh Singh,Bike,21.80066498,8,2,4.677777778,Metropolitian,0.764
D0093,Ravi Kumar,Car,25.4405435,37,9,4.641860465,Metropolitian,0.791
D0094,Kiran Sharma,Bike,30.4284675,13,0,4.723076923,Urban,0.912
D0095,Anita Chopra,Bike,23.52397137,38,9,4.493617021,Metropolitian,0.769
D0096,Priya Reddy,Scooter,13.17385998,12,0,4.572727273,Urban,0.773
D0097,Kiran Singh,Bike,21.20311713,10,1,4.490909091,Urban,0.792
D0098,Kiran Iyer,Scooter,24.60193977,5,0,4.52,Urban,0.856
D0099,Arjun Gupta,Car,20.34184279,6,1,4.7,Metropolitian,0.777
D0100,Meena Singh,Scooter,15.82896665,9,1,4.666666667,Metropolitian,0.759
D0101,Anita Das,Bike,19.81598192,32,4,4.565625,Metropolitian,0.778
D0102,Rajesh Nair,Bicycle,23.81878017,9,1,4.49,Metropolitian,0.808
D0103,Arjun Iyer,Bike,23.74898908,9,1,4.575,Metropolitian,0.813
D0104,Rajesh Chopra,Scooter,27.10719072,8,0,4.725,Urban,0.887
D0105,Ravi Reddy,Bike,16.63740488,5,0,4.9,Metropolitian,0.819
D0106,Sunita Kumar,Bike,26.17001496,14,0,4.564285714,Urban,0.87
D0107,Vikram Reddy,Car,17.50140295,8,1,4.544444444,Metropolitian,0.759
D0108,Sunita Gupta,Bike,17.91791261,7,0,4.728571429,Metropolitian,0.818
D0109,Suresh Gupta,Scooter,14.76329538,9,0,4.6125,Urban,0.787
D0110,Arjun Nair,Scooter,14.05857623,0,1,4,Semi-Urban,0.345
D0111,Priya Gupta,Scooter,20.02538054,23,6,4.589285714,Metropolitian,0.743
D0112,Suresh Das,Bike,24.88186696,6,0,4.3,Urban,0.845
D0113,Ravi Iyer,Bike,20.80411867,31,2,4.687878788,Metropolitian,0.813
D0114,Suresh Gupta,Bike,19.39517456,30,8,4.588888889,Metropolitian,0.737
D0115,Arjun Patel,Bike,20.77691048,8,1,4.75,Metropolitian,0.796
D0116,Sunita Iyer,Bike,15.3409811,3,0,4.7,Urban,0.797
D0117,Suresh Sharma,Bike,24.43704397,9,2,4.6,Metropolitian,0.787
D0118,Vikram Reddy,Bike,31.23499657,4,0,4.6,Urban,0.91
D0119,Ravi Nair,Car,23.62595405,39,5,4.686046512,Metropolitian,0.813
D0120,Kiran Reddy,Bike,25.54124984,13,2,4.76,Urban,0.824
D0121,Arjun Chopra,Car,20.44108757,33,7,4.544736842,Metropolitian,0.756
D0122,Meena Das,Scooter,27.09454409,3,0,4.833333333,Urban,0.893
D0123,Anita Singh,Bike,22.43039977,13,0,4.684615385,Urban,0.849
D0124,Suresh Sharma,Bike,31.25574536,3,0,4.65,Urban,0.913
D0125,Ravi Singh,Bike,25.94272979,7,0,4.614285714,Urban,0.871
D0126,Ravi Sharma,Bicycle,22.33184801,16,2,4.705882353,Urban,0.805
D0127,Anita Sharma,Scooter,25.24094393,9,1,4.53,Metropolitian,0.821
D0128,Sunita Nair,Bike,7.008582559,3,0,4.433333333,Urban,0.719
D0129,Anita Patel,Bike,24.95307646,32,6,4.644736842,Metropolitian,0.803
D0130,Rajesh Kumar,Scooter,18.22976365,34,6,4.633333333,Metropolitian,0.755
D0131,Suresh Singh,Car,35.21336714,2,0,4.75,Urban,0.949
D0132,Arjun Sharma,Car,33.02326909,4,0,4.7,Urban,0.93
D0133,Ravi Reddy,Bike,24.43598574,7,0,4.6,Urban,0.859
D0134,Rajesh Gupta,Car,22.36583011,38,7,4.672093023,Metropolitian,0.786
D0135,Anita Kumar,Car,28.82050993,7,1,4.5125,Metropolitian,0.837
D0136,Anita Das,Bike,28.19648817,10,0,4.74,Metropolitian,0.896
D0137,Vikram Patel,Bike,16.59734541,3,0,4.733333333,Urban,0.808
D0138,Ravi Kumar,Bike,15.83711354,0,1,4.6,Semi-Urban,0.395
D0139,Rajesh Gupta,Bike,23.02388349,8,4,4.591666667,Metropolitian,0.715
D0140,Kiran Nair,Scooter,21.85248715,8,2,4.54,Metropolitian,0.756
D0141,Sunita Sharma,Scooter,27.16313678,12,3,4.692307692,Urban,0.805
D0142,Kiran Gupta,Car,28.4685503,8,0,4.65,Metropolitian,0.893
D0143,Vikram Reddy,Bike,36.17840599,2,0,4.8,Urban,0.959
D0144,Sunita Reddy,Bike,17.66683302,10,0,4.67,Urban,0.813
D0145,Kiran Chopra,Scooter,21.17870114,7,2,4.6875,Metropolitian,0.751
D0146,Rajesh Das,Scooter,18.4137481,9,0,4.714285714,Metropolitian,0.821
D0147,Vikram Kumar,Bike,27.72197004,9,0,4.75,Urban,0.893
D0148,Rajesh Kumar,Scooter,29.2816566,1,0,4.9,Urban,0.914
D0149,Ravi Kumar,Scooter,19.84521509,4,0,4.925,Urban,0.844
D0150,Ravi Reddy,Bike,24.18144817,7,0,4.757142857,Metropolitian,0.867
D0151,Anita Chopra,Scooter,29.03129588,3,1,4.75,Urban,0.803
D0152,Arjun Sharma,Scooter,23.2070521,42,3,4.673170732,Metropolitian,0.828
D0153,Sunita Nair,Bike,38.87040307,2,0,4.7,Urban,0.974
D0154,Rajesh Das,Bike,19.47017535,40,7,4.655319149,Metropolitian,0.766
D0155,Anita Singh,Bike,17.50024328,10,0,4.533333333,Urban,0.803
D0156,Anita Sharma,Bike,19.32817252,15,2,4.746666667,Urban,0.783
D0157,Priya Kumar,Scooter,13.66352528,11,1,4.666666667,Urban,0.749
D0158,Ravi Kumar,Bike,24.97687511,13,2,4.693333333,Urban,0.816
D0159,Vikram Nair,Bike,24.7181632,40,1,4.702439024,Metropolitian,0.858
D0160,Sunita Patel,Bike,22.31331456,11,0,4.709090909,Metropolitian,0.85
D0161,Priya Nair,Car,18.0362454,42,5,4.475555556,Metropolitian,0.761
D0162,Priya Kumar,Bike,20.30983865,27,8,4.64,Metropolitian,0.739
D0163,Arjun Sharma,Bike,18.6035164,9,3,4.533333333,Metropolitian,0.712
D0164,Suresh Singh,Bike,23.78192902,8,0,4.814285714,Urban,0.867
D0165,Rajesh Nair,Car,22.56728936,32,6,4.694444444,Metropolitian,0.788
D0166,Priya Singh,Car,22.12893406,49,5,4.675510204,Metropolitian,0.809
D0167,Suresh Das,Bike,22.07293874,37,4,4.6,Metropolitian,0.803
D0168,Kiran Kumar,Bike,22.06596646,5,3,4.55,Metropolitian,0.688
D0169,Sunita Das,Scooter,26.70750945,10,0,4.58,Urban,0.875
D0170,Ravi Das,Bike,21.29318087,6,1,4.471428571,Urban,0.771
D0171,Priya Nair,Bike,22.67517646,30,4,4.54375,Metropolitian,0.796
D0172,Vikram Reddy,Bike,25.39992737,12,0,4.718181818,Urban,0.874
D0173,Kiran Reddy,Car,17.89732658,8,1,4.811111111,Metropolitian,0.778
D0174,Anita Singh,Scooter,19.42056582,40,3,4.530232558,Metropolitian,0.79
D0175,Ravi Singh,Scooter,27.73842268,10,0,4.633333333,Metropolitian,0.886
D0176,Kiran Nair,Car,14.8826892,2,0,4.7,Urban,0.794
D0177,Rajesh Sharma,Bike,21.68667922,38,4,4.545,Metropolitian,0.797
D0178,Kiran Gupta,Bike,27.99830553,12,0,4.736363636,Urban,0.894
D0179,Kiran Gupta,Bicycle,23.61371826,25,2,4.724,Metropolitian,0.831
D0180,Meena Sharma,Bike,23.04825298,0,1,4.65,Semi-Urban,0.812
D0181,Anita Kumar,Bike,18.30810891,6,2,4.614285714,Metropolitian,0.714
D0182,Kiran Reddy,Bike,25.65496503,8,1,4.688888889,Metropolitian,0.829
D0183,Priya Chopra,Bike,19.17321146,40,5,4.711904762,Metropolitian,0.782
D0184,Rajesh Chopra,Bike,25.41938088,34,4,4.640540541,Metropolitian,0.827
D0185,Suresh Kumar,Bike,27.57339858,9,1,4.577777778,Metropolitian,0.841
D0186,Suresh Reddy,Bike,17.13063613,0,1,4,Semi-Urban,0.368
D0187,Priya Patel,Car,18.74749128,9,0,4.45,Metropolitian,0.808
D0188,Arjun Das,Bike,23.97850275,11,1,4.708333333,Urban,0.829
D0189,Priya Nair,Scooter,22.40337482,31,2,4.671875,Metropolitian,0.824
D0190,Vikram Nair,Scooter,14.19627773,8,1,4.7,Urban,0.744
D0191,Sunita Gupta,Bicycle,27.28452711,16,1,4.78125,Urban,0.868
D0192,Kiran Gupta,Car,24.00405026,6,2,4.7,Metropolitian,0.762
D0193,Arjun Singh,Bike,17.45521733,11,2,4.576923077,Metropolitian,0.744
D0194,Ravi Das,Scooter,18.2616804,1,0,5,Urban,0.837
D0195,Arjun Reddy,Bike,25.84828695,12,0,4.733333333,Urban,0.878
D0196,Anita Sharma,Bike,25.08872085,36,6,4.63902439,Metropolitian,0.809
D0197,Rajesh Das,Bike,15.95974932,8,1,4.644444444,Metropolitian,0.754
D0198,Meena Das,Bike,26.39722776,8,0,4.757142857,Urban,0.883
D0199,Kiran Das,Bike,23.0853001,7,0,4.7,Urban,0.855
D0200,Anita Iyer,Bike,15.75943459,14,0,4.646153846,Urban,0.797
D0201,Arjun Sharma,Bike,22.02614394,9,1,4.67,Urban,0.805
D0202,Meena Iyer,Bicycle,27.71808131,2,0,4.7,Urban,0.89
D0203,Anita Patel,Scooter,15.65562074,0,1,4.9,Semi-Urban,0.411
D0204,Ravi Kumar,Bike,34.87334271,2,0,4.65,Urban,0.941
D0205,Meena Singh,Bike,40,1,0,4.9,Urban,0.994
D0206,Ravi Sharma,Scooter,18.19999591,4,3,4.4,Metropolitian,0.629
D0207,Arjun Gupta,Scooter,22.67970948,8,3,4.6,Metropolitian,0.737
D0208,Suresh Sharma,Car,23.62522507,5,0,4.675,Urban,0.858
D0209,Rajesh Kumar,Scooter,26.26418264,7,0,4.728571429,Metropolitian,0.881
D0210,Priya Sharma,Scooter,22.82512726,8,0,4.65,Urban,0.85
D0211,Vikram Iyer,Car,20.99591435,1,1,4.85,Urban,0.648
D0212,Anita Chopra,Scooter,19.94368765,38,3,4.619512195,Metropolitian,0.797
D0213,Sunita Gupta,Bike,23.41248093,37,9,4.689130435,Metropolitian,0.779
D0214,Arjun Singh,Bike,17.27650695,15,1,4.65,Urban,0.784
D0215,Vikram Gupta,Car,13.04277949,2,0,4.85,Urban,0.789
D0216,Kiran Chopra,Scooter,18.21295035,14,1,4.621428571,Urban,0.787
D0217,Suresh Patel,Scooter,21.40522333,20,4,4.65,Metropolitian,0.773
D0218,Arjun Reddy,Scooter,22.52267807,9,1,4.7,Urban,0.811
D0219,Vikram Nair,Bike,21.4702582,0,1,4.6,Semi-Urban,0.437
D0220,Vikram Reddy,Bike,25.56998027,2,0,4.55,Urban,0.865
D0221,Vikram Iyer,Scooter,17.35580802,37,5,4.628205128,Metropolitian,0.76
D0222,Suresh Iyer,Bike,17.64526757,2,0,4.7,Urban,0.814
D0223,Rajesh Nair,Bike,23.0854485,6,0,4.666666667,Urban,0.853
D0224,Arjun Das,Bike,31.27948936,3,0,4.833333333,Urban,0.925
D0225,Priya Das,Bike,15.55615071,12,1,4.761538462,Urban,0.772
D0226,Meena Reddy,Bike,20.02411349,12,2,4.561538462,Metropolitian,0.767
D0227,Priya Nair,Bike,5,0,1,4.1,Semi-Urban,0.284
D0228,Arjun Nair,Bicycle,22.94468344,5,0,4.7,Urban,0.854
D0229,Priya Patel,Bike,25.32644218,4,0,4.5,Urban,0.86
D0230,Vikram Patel,Bike,22.23270932,41,8,4.49787234,Metropolitian,0.771
D0231,Rajesh Patel,Scooter,18.09567593,8,0,4.6625,Metropolitian,0.815
D0232,Rajesh Kumar,Scooter,23.57318082,3,0,4.5,Urban,0.847
D0233,Anita Gupta,Bike,38.87479335,3,0,4.6,Urban,0.968
D0234,Arjun Nair,Car,21.7216153,10,0,4.68,Metropolitian,0.844
D0235,Rajesh Nair,Scooter,23.60711524,40,4,4.670731707,Metropolitian,0.821
D0236,Meena Kumar,Scooter,26.29591479,38,4,4.624390244,Metropolitian,0.837
D0237,Priya Sharma,Bike,17.48857306,12,0,4.65,Urban,0.81
D0238,Suresh Singh,Scooter,27.98833597,3,0,4.433333333,Urban,0.876
D0239,Priya Reddy,Scooter,24.75575072,38,1,4.668421053,Metropolitian,0.856
D0240,Priya Singh,Car,22.07872828,6,2,4.316666667,Metropolitian,0.725
D0241,Vikram Nair,Bike,21.2378563,43,4,4.606666667,Metropolitian,0.802
D0242,Rajesh Patel,Scooter,26.14266834,9,2,4.34,Metropolitian,0.784
D0243,Kiran Kumar,Bike,32.35169765,2,0,4.8,Urban,0.931
D0244,Sunita Sharma,Bicycle,20.5771355,37,6,4.617073171,Metropolitian,0.776
D0245,Ravi Gupta,Scooter,25.61690191,6,0,4.766666667,Urban,0.878
D0246,Sunita Das,Scooter,22.36446193,2,0,4.9,Urban,0.862
D0247,Rajesh Patel,Scooter,22.47845707,32,3,4.565625,Metropolitian,0.808
D0248,Suresh Iyer,Bike,34.49222304,3,0,4.7,Urban,0.941
D0249,Suresh Patel,Bike,21.27339499,11,0,4.68,Urban,0.84
D0250,Suresh Singh,Bike,25.45595072,34,1,4.678787879,Metropolitian,0.86
D0251,Anita Chopra,Scooter,20.71901731,27,3,4.65,Metropolitian,0.794
D0252,Arjun Kumar,Scooter,23.5497006,9,1,4.59,Urban,0.812
D0253,Priya Kumar,Scooter,24.01989509,6,1,4.742857143,Metropolitian,0.808
D0254,Arjun Nair,Scooter,24.25992856,7,0,4.771428571,Urban,0.868
D0255,Sunita Das,Bike,21.45299167,40,3,4.641463415,Metropolitian,0.811
D0256,Kiran Das,Scooter,22.92877176,0,1,4.6,Semi-Urban,0.448
D0257,Kiran Patel,Bike,21.79775047,0,1,4.1,Semi-Urban,0.409
D0258,Ravi Iyer,Bicycle,18.19542985,37,6,4.634883721,Metropolitian,0.759
D0259,Vikram Iyer,Scooter,23.29666278,39,4,4.56,Metropolitian,0.811
D0260,Priya Iyer,Car,21.70307381,27,3,4.75862069,Metropolitian,0.808
D0261,Meena Kumar,Bike,21.17860058,2,0,4.75,Urban,0.844
D0262,Suresh Nair,Bike,16.36714076,9,1,4.69,Metropolitian,0.764
D0263,Sunita Nair,Bike,26.42056738,5,0,4.7,Urban,0.88
D0264,Ravi Nair,Bike,21.81460095,9,1,4.6,Metropolitian,0.8
D0265,Ravi Kumar,Bike,21.45774536,36,7,4.614634146,Metropolitian,0.773
D0266,Vikram Sharma,Scooter,23.47252661,7,1,4.6,Urban,0.802
D0267,Arjun Gupta,Bike,24.23826672,4,0,4.825,Urban,0.871
D0268,Meena Patel,Car,22.68520983,0,1,5,Semi-Urban,0.47
D0269,Sunita Singh,Car,22.90352165,10,0,4.755555556,Urban,0.857
D0270,Suresh Chopra,Bike,22.06974573,11,0,4.727272727,Urban,0.849
D0271,Kiran Sharma,Bicycle,20.73506039,32,3,4.52,Metropolitian,0.792
D0272,Kiran Singh,Scooter,27.04938477,11,0,4.65,Urban,0.882
D0273,Sunita Gupta,Scooter,31.45825238,4,0,4.6,Urban,0.912
D0274,Meena Gupta,Scooter,20.14853898,10,0,4.522222222,Urban,0.822
D0275,Arjun Sharma,Scooter,18.85541677,38,9,4.551219512,Metropolitian,0.738
D0276,Arjun Singh,Car,14.33059692,0,1,4.2,Semi-Urban,0.359
D0277,Suresh Chopra,Bike,28.83521376,12,1,4.723076923,Urban,0.869
D0278,Arjun Iyer,Scooter,19.95052367,6,2,4.6625,Metropolitian,0.729
D0279,Anita Gupta,Bike,21.36974857,43,2,4.695454545,Metropolitian,0.824
D0280,Anita Patel,Scooter,29.7975083,8,1,4.7,Metropolitian,0.861
D0281,Kiran Gupta,Bike,24.07666483,9,1,4.377777778,Metropolitian,0.803
D0282,Sunita Reddy,Scooter,23.25882355,11,0,4.72,Urban,0.858
D0283,Priya Gupta,Bike,21.85967147,25,4,4.707142857,Metropolitian,0.791
D0284,Rajesh Patel,Bike,18.00314137,9,1,4.47,Urban,0.763
D0285,Anita Singh,Car,20.47680599,6,2,4.6875,Metropolitian,0.735
D0286,Rajesh Singh,Bicycle,23.41904663,36,5,4.495,Metropolitian,0.797
D0287,Ravi Singh,Car,18.74953031,35,7,4.575609756,Metropolitian,0.748
D0288,Vikram Chopra,Bike,23.70589055,44,4,4.473333333,Metropolitian,0.813
D0289,Rajesh Nair,Car,16.72542118,1,1,4.35,Urban,0.586
D0290,Sunita Singh,Bike,29.03850217,8,0,4.828571429,Metropolitian,0.908
D0291,Ravi Das,Bike,17.65968923,12,0,4.658333333,Urban,0.812
D0292,Sunita Nair,Bike,9.931181977,1,0,4.9,Urban,0.768
D0293,Sunita Sharma,Bike,13.3050327,0,1,4.1,Semi-Urban,0.346
D0294,Ravi Kumar,Car,26.45662766,4,1,4.68,Urban,0.799
D0295,Vikram Singh,Scooter,19.70029421,45,7,4.696078431,Metropolitian,0.776
D0296,Rajesh Iyer,Bike,21.24979465,27,4,4.619354839,Metropolitian,0.785
D0297,Meena Singh,Scooter,24.44464897,39,3,4.663414634,Metropolitian,0.835
D0298,Meena Kumar,Scooter,20.34479013,13,3,4.941666667,Urban,0.774
D0299,Priya Nair,Bike,20.05642627,34,5,4.588571429,Metropolitian,0.774
D0300,Kiran Nair,Scooter,25.10337006,9,1,4.52,Metropolitian,0.819
D0301,Meena Das,Bike,24.52480481,9,4,4.561538462,Metropolitian,0.735
D0302,Kiran Patel,Scooter,26.92083587,40,4,4.681818182,Metropolitian,0.846
D0303,Priya Patel,Bike,5.916448838,0,1,4.5,Semi-Urban,0.314
D0304,Priya Reddy,Bike,23.55229099,8,1,4.466666667,Metropolitian,0.8
D0305,Kiran Kumar,Car,15.87365266,0,1,4.4,Semi-Urban,0.383
D0306,Kiran Reddy,Bike,23.30634479,33,4,4.581081081,Metropolitian,0.806
D0307,Ravi Chopra,Bike,21.97941559,13,1,4.55,Urban,0.809
D0308,Sunita Iyer,Scooter,27.52264789,3,0,4.733333333,Urban,0.89
D0309,Ravi Singh,Car,27.24562262,6,1,4.666666667,Metropolitian,0.827
D0310,Suresh Kumar,Bike,23.22772519,24,1,4.758333333,Metropolitian,0.844
D0311,Sunita Iyer,Bike,20.11871568,16,2,4.638888889,Urban,0.785
D0312,Arjun Gupta,Car,25.03215889,0,1,5,Semi-Urban,0.488
D0313,Suresh Iyer,Scooter,22.26110265,7,0,4.814285714,Metropolitian,0.856
D0314,Meena Iyer,Scooter,19.48584619,3,0,4.7,Urban,0.828
D0315,Rajesh Kumar,Scooter,31.33419736,15,1,4.664285714,Urban,0.89
D0316,Suresh Das,Car,20.94548054,8,3,4.56,Metropolitian,0.722
D0317,Sunita Chopra,Bike,19.58039728,12,1,4.654545455,Urban,0.795
D0318,Priya Patel,Car,7.024900768,2,0,4.9,Urban,0.747
D0319,Rajesh Sharma,Bike,22.63311227,33,6,4.594871795,Metropolitian,0.784
D0320,Vikram Singh,Car,24.63634043,9,0,4.6,Urban,0.861
D0321,Suresh Gupta,Scooter,21.50519997,30,5,4.56,Metropolitian,0.778
D0322,Vikram Das,Scooter,28.58740919,11,0,4.836363636,Metropolitian,0.905
D0323,Anita Iyer,Scooter,23.86410947,7,0,4.842857143,Urban,0.87
D0324,Sunita Iyer,Bicycle,28.85902282,1,1,4.85,Urban,0.707
D0325,Arjun Sharma,Car,26.22239539,5,1,4.583333333,Urban,0.805
D0326,Suresh Sharma,Bike,18.32309691,6,1,4.642857143,Metropolitian,0.759
D0327,Arjun Reddy,Bike,22.54380702,14,0,4.592307692,Metropolitian,0.845
D0328,Vikram Das,Scooter,25.65504641,7,1,4.8,Urban,0.83
D0329,Rajesh Chopra,Bike,13.80369967,2,0,4.8,Urban,0.792
D0330,Priya Gupta,Scooter,24.20135004,8,1,4.722222222,Metropolitian,0.82
D0331,Ravi Das,Car,22.83340816,10,1,4.690909091,Urban,0.816
D0332,Meena Kumar,Bike,29.65740899,3,0,4.6,Urban,0.898
D0333,Priya Reddy,Scooter,21.51446617,40,3,4.576190476,Metropolitian,0.808
D0334,Priya Patel,Car,27.22258559,25,4,4.625925926,Metropolitian,0.827
D0335,Rajesh Singh,Scooter,25.89265447,48,1,4.7,Metropolitian,0.868
D0336,Vikram Chopra,Bike,21.50865638,35,5,4.642105263,Metropolitian,0.79
D0337,Meena Kumar,Bicycle,19.22086384,37,7,4.597560976,Metropolitian,0.756
D0338,Kiran Singh,Scooter,18.89503928,39,2,4.597560976,Metropolitian,0.798
D0339,Anita Kumar,Bicycle,26.88315984,16,1,4.7875,Urban,0.865
D0340,Arjun Reddy,Bike,23.31155682,45,4,4.693617021,Metropolitian,0.824
D0341,Suresh Sharma,Car,40,1,0,4.9,Urban,0.994
D0342,Suresh Chopra,Bike,25.82513754,15,0,4.642857143,Urban,0.872
D0343,Vikram Gupta,Scooter,20.43261776,2,0,4.85,Urban,0.844
D0344,Priya Gupta,Scooter,25.68603438,17,0,4.705882353,Urban,0.875
D0345,Sunita Iyer,Bike,22.29282321,36,5,4.655,Metropolitian,0.798
D0346,Kiran Patel,Scooter,27.32396468,9,1,4.6375,Urban,0.843
D0347,Suresh Reddy,Scooter,14.20465534,2,0,4.8,Urban,0.795
D0348,Priya Nair,Scooter,24.68691158,42,3,4.592857143,Metropolitian,0.834
D0349,Vikram Kumar,Car,32.27949186,3,0,4.833333333,Urban,0.932
D0350,Sunita Patel,Bike,15.5437051,2,0,4.85,Urban,0.808
D0351,Vikram Iyer,Car,17.93978504,32,6,4.616666667,Metropolitian,0.748
D0352,Priya Patel,Car,22.84809052,23,2,4.652173913,Metropolitian,0.818
D0353,Meena Gupta,Bike,14.20459771,2,0,4.6,Urban,0.783
D0354,Arjun Singh,Scooter,25.6648881,8,1,4.6,Metropolitian,0.824
D0355,Rajesh Sharma,Bike,18.17647275,6,0,4.56,Metropolitian,0.81
D0356,Priya Gupta,Scooter,22.95642645,33,1,4.6375,Metropolitian,0.839
D0357,Meena Sharma,Bike,22.07866539,3,1,4.45,Urban,0.733
D0358,Rajesh Nair,Scooter,21.82290708,29,1,4.711538462,Metropolitian,0.833
D0359,Arjun Reddy,Scooter,23.65220132,3,0,4.4,Urban,0.841
D0360,Rajesh Chopra,Scooter,20.45699535,4,1,4.74,Metropolitian,0.758
D0361,Ravi Chopra,Bicycle,14.40127491,12,1,4.715384615,Urban,0.76
D0362,Meena Chopra,Bike,21.42656232,27,1,4.54,Metropolitian,0.819
D0363,Arjun Chopra,Scooter,18.6804897,35,5,4.5775,Metropolitian,0.765
D0364,Meena Iyer,Scooter,18.34278473,5,2,4.814285714,Metropolitian,0.712
D0365,Anita Kumar,Bike,21.301959,8,1,4.555555556,Metropolitian,0.789
D0366,Ravi Das,Scooter,22.9127914,31,1,4.723333333,Metropolitian,0.843
D0367,Ravi Gupta,Car,19.97001976,11,0,4.645454545,Metropolitian,0.829
D0368,Ravi Patel,Bike,19.31321716,8,2,4.51,Metropolitian,0.735
D0369,Anita Sharma,Bike,19.39070586,38,7,4.624444444,Metropolitian,0.761
D0370,Arjun Sharma,Car,33.85683472,2,0,4.45,Urban,0.921
D0371,Ravi Gupta,Bike,17.42966727,34,7,4.582926829,Metropolitian,0.737
D0372,Ravi Sharma,Car,15.16526811,14,1,4.613333333,Urban,0.764
D0373,Suresh Singh,Scooter,19.48257705,38,3,4.585,Metropolitian,0.792
D0374,Sunita Das,Bike,23.09939982,39,7,4.526086957,Metropolitian,0.784
D0375,Sunita Patel,Scooter,20.60681224,12,2,4.642857143,Urban,0.776
D0376,Arjun Iyer,Bike,15.09393401,0,1,4.1,Semi-Urban,0.359
D0377,Kiran Singh,Car,18.96955481,45,6,4.584,Metropolitian,0.77
D0378,Suresh Nair,Scooter,24.86374732,14,0,4.664285714,Urban,0.866
D0379,Sunita Chopra,Car,31.37757862,8,0,4.5875,Urban,0.911
D0380,Kiran Kumar,Bike,25.88673466,11,2,4.633333333,Metropolitian,0.811
D0381,Meena Patel,Car,25.52856298,13,0,4.638461538,Metropolitian,0.87
D0382,Priya Das,Bike,23.75357093,29,3,4.7,Metropolitian,0.823
D0383,Arjun Singh,Car,22.9055749,13,0,4.636363636,Urban,0.85
D0384,Rajesh Sharma,Bike,21.34408846,14,0,4.730769231,Urban,0.844
D0385,Kiran Reddy,Bike,22.64431374,3,0,4.466666667,Urban,0.838
D0386,Suresh Kumar,Bike,15.97075499,8,0,4.5,Metropolitian,0.79
D0387,Sunita Patel,Car,7.610696868,3,0,4.733333333,Urban,0.741
D0388,Ravi Gupta,Bike,17.57863242,27,10,4.694285714,Metropolitian,0.705
D0389,Sunita Gupta,Bike,19.76443195,2,0,4.75,Urban,0.833
D0390,Arjun Gupta,Bike,28.17039657,13,1,4.430769231,Urban,0.849
D0391,Suresh Reddy,Scooter,23.36831785,43,8,4.596078431,Metropolitian,0.788
D0392,Suresh Iyer,Bike,6.198965473,1,0,4.9,Urban,0.74
D0393,Ravi Kumar,Scooter,20.69211958,13,0,4.592307692,Metropolitian,0.831
D0394,Arjun Singh,Bicycle,18.47399158,13,1,4.628571429,Urban,0.788
D0395,Suresh Das,Bike,29.72010156,9,1,4.755555556,Metropolitian,0.868
D0396,Suresh Das,Scooter,35.7253359,2,0,4.8,Urban,0.956
D0397,Ravi Iyer,Bike,28.84416662,6,0,4.666666667,Urban,0.896
D0398,Sunita Reddy,Scooter,20.51925127,11,0,4.581818182,Metropolitian,0.829
D0399,Meena Nair,Scooter,23.02138857,27,2,4.592857143,Metropolitian,0.821
D0400,Vikram Gupta,Car,23.74338895,43,5,4.615217391,Metropolitian,0.813
D0401,Kiran Gupta,Bike,23.15398745,8,2,4.622222222,Metropolitian,0.771
D0402,Arjun Chopra,Scooter,24.34092166,8,1,4.511111111,Metropolitian,0.809
D0403,Sunita Reddy,Scooter,18.65955332,36,4,4.702631579,Metropolitian,0.782
D0404,Meena Chopra,Scooter,26.77501208,9,3,4.65,Metropolitian,0.78
D0405,Kiran Das,Car,33.88534077,4,1,4.725,Urban,0.858
D0406,Anita Das,Bike,38.08519097,1,0,4.6,Urban,0.962
D0407,Priya Kumar,Scooter,24.6522626,13,1,4.628571429,Urban,0.834
D0408,Meena Kumar,Bike,24.3488431,38,3,4.584615385,Metropolitian,0.828
D0409,Ravi Patel,Bike,28.52725843,2,0,4.8,Urban,0.902
D0410,Priya Patel,Scooter,24.48268128,6,1,4.614285714,Urban,0.803
D0411,Arjun Singh,Scooter,24.46380526,15,1,4.642857143,Urban,0.837
D0412,Suresh Chopra,Car,5.125941824,0,1,3.8,Semi-Urban,0.266
D0413,Meena Nair,Bike,29.06179141,2,0,4.95,Urban,0.915
D0414,Arjun Das,Bike,21.38029194,31,11,4.560526316,Metropolitian,0.729
D0415,Vikram Chopra,Bike,25.18547857,3,1,4.55,Urban,0.762
D0416,Sunita Reddy,Bike,22.01705582,38,2,4.610526316,Metropolitian,0.822
D0417,Meena Das,Bike,24.34457682,40,3,4.63,Metropolitian,0.832
D0418,Arjun Das,Car,18.52339319,33,8,4.630769231,Metropolitian,0.739
D0419,Ravi Patel,Bike,22.26268766,31,7,4.605555556,Metropolitian,0.77
D0420,Rajesh Gupta,Scooter,19.65044611,11,2,4.484615385,Metropolitian,0.755
D0421,Ravi Chopra,Scooter,16.39741977,10,0,4.64,Urban,0.801
D0422,Ravi Nair,Scooter,40,1,0,4.9,Urban,0.994
D0423,Kiran Nair,Scooter,21.22175195,4,0,4.5,Urban,0.829
D0424,Suresh Das,Bike,7.191140135,0,1,4.3,Semi-Urban,0.312
D0425,Ravi Iyer,Scooter,24.92472177,4,0,4.675,Urban,0.867
D0426,Kiran Gupta,Car,25.04665729,8,1,4.677777778,Metropolitian,0.824
D0427,Anita Das,Scooter,20.41851733,5,0,4.86,Urban,0.845
D0428,Kiran Iyer,Scooter,34.0967501,11,1,4.641666667,Urban,0.901
D0429,Anita Chopra,Bike,22.55886629,25,4,4.721428571,Metropolitian,0.797
D0430,Anita Das,Bicycle,27.29350431,12,1,4.823076923,Urban,0.863
D0431,Vikram Sharma,Bike,24.53785485,8,1,4.788888889,Metropolitian,0.827
D0432,Arjun Kumar,Bike,23.36937596,0,1,4.6,Semi-Urban,0.451
D0433,Meena Reddy,Bike,38.76259793,1,0,4.6,Urban,0.967
D0434,Vikram Reddy,Bike,40,1,0,4.9,Urban,0.994
D0435,Anita Sharma,Bike,21.39629139,8,0,4.5125,Urban,0.831
D0436,Priya Nair,Bike,24.08734885,11,1,4.590909091,Urban,0.823
D0437,Anita Das,Bike,9.37269494,1,0,4.7,Urban,0.752
D0438,Kiran Kumar,Car,17.82198643,39,4,4.626829268,Metropolitian,0.774
D0439,Kiran Iyer,Scooter,19.7707815,9,0,4.7,Urban,0.83
D0440,Suresh Kumar,Scooter,22.1080294,37,2,4.605405405,Metropolitian,0.822
D0441,Rajesh Chopra,Scooter,21.50688439,1,0,5,Urban,0.861
D0442,Vikram Iyer,Scooter,25.58995911,0,1,5,Semi-Urban,0.492
D0443,Arjun Nair,Car,16.2399279,7,0,4.771428571,Metropolitian,0.808
D0444,Vikram Singh,Scooter,10.76447877,0,1,3.7,Semi-Urban,0.303
D0445,Priya Kumar,Bike,23.29936655,14,1,4.6,Urban,0.824
D0446,Arjun Nair,Scooter,17.2902903,16,2,4.594117647,Urban,0.761
D0447,Kiran Gupta,Scooter,19.04545517,30,8,4.576315789,Metropolitian,0.733
D0448,Ravi Reddy,Scooter,24.73556328,8,0,4.7125,Urban,0.868
D0449,Kiran Gupta,Bike,20.14041269,6,1,4.771428571,Urban,0.78
D0450,Rajesh Gupta,Bike,18.73408168,12,0,4.691666667,Metropolitian,0.822
D0451,Meena Chopra,Scooter,27.44714171,14,1,4.6,Urban,0.855
D0452,Meena Reddy,Bicycle,18.57459309,38,8,4.591111111,Metropolitian,0.745
D0453,Anita Gupta,Bike,22.95584721,36,2,4.576470588,Metropolitian,0.826
D0454,Kiran Kumar,Bike,26.06174967,10,0,4.65,Metropolitian,0.874
D0455,Sunita Nair,Car,26.85241882,37,5,4.609756098,Metropolitian,0.83
D0456,Vikram Singh,Bike,33.26446625,2,0,4.65,Urban,0.928
D0457,Suresh Nair,Bike,31.06418245,10,0,4.78,Urban,0.92
D0458,Anita Nair,Car,22.46862504,10,1,4.509090909,Metropolitian,0.803
D0459,Sunita Iyer,Car,15.38921801,4,1,4.6,Urban,0.711
D0460,Priya Chopra,Bike,19.59346139,7,1,4.65,Metropolitian,0.776
D0461,Vikram Kumar,Bike,6.534620652,3,0,4.5,Urban,0.719
D0462,Arjun Singh,Car,8.109816006,0,1,4.3,Semi-Urban,0.319
D0463,Meena Nair,Car,20.7574389,0,1,5,Semi-Urban,0.456
D0464,Arjun Das,Car,25.56744948,8,0,4.685714286,Metropolitian,0.873
D0465,Arjun Chopra,Bike,19.83607655,45,3,4.664444444,Metropolitian,0.804
D0466,Ravi Das,Scooter,31.06292724,12,0,4.808333333,Urban,0.921
D0467,Arjun Kumar,Car,22.19100065,10,0,4.65,Urban,0.845
D0468,Priya Iyer,Bike,10.43853854,3,0,4.733333333,Urban,0.762
D0469,Rajesh Gupta,Bike,17.89869719,43,6,4.612765957,Metropolitian,0.762
D0470,Kiran Reddy,Scooter,23.55943392,16,0,4.693333333,Urban,0.858
D0471,Ravi Nair,Car,23.13367403,18,1,4.711111111,Urban,0.835
D0472,Ravi Gupta,Scooter,40,2,0,4.8,Urban,0.988
D0473,Anita Das,Scooter,23.21430387,44,3,4.586956522,Metropolitian,0.824
D0474,Rajesh Iyer,Car,13.30860429,0,1,4.8,Semi-Urban,0.388
D0475,Meena Iyer,Scooter,25.04788141,9,0,4.688888889,Urban,0.869
D0476,Priya Patel,Scooter,21.89431974,28,3,4.64,Metropolitian,0.804
D0477,Kiran Das,Scooter,23.21097866,33,8,4.672972973,Metropolitian,0.776
D0478,Anita Gupta,Bike,23.86850994,43,3,4.691111111,Metropolitian,0.834
D0479,Meena Sharma,Bike,28.56842239,13,0,4.661538462,Urban,0.894
D0480,Kiran Sharma,Bike,26.41422004,8,1,4.777777778,Urban,0.84
D0481,Priya Patel,Scooter,20.89532895,40,12,4.608,Metropolitian,0.741
D0482,Rajesh Iyer,Bike,21.06731663,28,5,4.578125,Metropolitian,0.772
D0483,Arjun Nair,Bike,21.10521991,3,1,4.733333333,Urban,0.742
D0484,Ravi Reddy,Bicycle,22.71257904,9,1,4.56,Urban,0.804
D0485,Anita Singh,Bike,24.92265609,7,0,4.714285714,Urban,0.87
D0486,Arjun Chopra,Scooter,20.22587633,7,1,4.5375,Metropolitian,0.774
D0487,Ravi Kumar,Bike,24.31918022,33,2,4.658823529,Metropolitian,0.839
D0488,Vikram Singh,Scooter,20.12191611,6,2,4.5625,Metropolitian,0.725
D0489,Rajesh Chopra,Bicycle,26.27930023,2,0,4.7,Urban,0.879
D0490,Sunita Singh,Bicycle,18.23439687,8,1,4.755555556,Metropolitian,0.778
D0491,Suresh Das,Scooter,23.81728951,35,4,4.592105263,Metropolitian,0.813
D0492,Anita Nair,Car,12.63607437,0,2,4.65,Semi-Urban,0.374
D0493,Meena Das,Scooter,23.10550317,10,1,4.518181818,Urban,0.808
D0494,Anita Nair,Bike,27.54676689,14,1,4.673333333,Urban,0.86
D0495,Suresh Nair,Car,15.22205269,6,1,4.528571429,Metropolitian,0.729
D0496,Priya Iyer,Bike,18.50850267,40,4,4.60952381,Metropolitian,0.779
D0497,Rajesh Patel,Bike,21.14172111,6,0,4.6,Urban,0.835
D0498,Meena Patel,Scooter,21.91600059,35,4,4.575675676,Metropolitian,0.798
D0499,Kiran Das,Scooter,30.20755071,10,1,4.718181818,Urban,0.873
D0500,Suresh Kumar,Car,21.09483656,16,1,4.68125,Urban,0.816
D0501,Arjun Das,Bicycle,13.61782924,0,1,4.3,Semi-Urban,0.36
D0502,Arjun Singh,Scooter,15.93555288,7,0,4.8,Metropolitian,0.808
D0503,Sunita Nair,Bike,28.36208569,2,0,4.55,Urban,0.886
D0504,Vikram Iyer,Scooter,24.49599241,14,0,4.723076923,Urban,0.867
D0505,Kiran Chopra,Bike,21.79515518,7,2,4.585714286,Metropolitian,0.75
D0506,Ravi Patel,Scooter,21.24061437,42,4,4.604545455,Metropolitian,0.801
D0507,Ravi Nair,Scooter,19.05643521,38,7,4.579069767,Metropolitian,0.755
D0508,Sunita Singh,Scooter,15.92699457,10,0,4.75,Urban,0.804
D0509,Sunita Kumar,Scooter,22.17563908,2,0,4.9,Urban,0.86
D0510,Priya Nair,Bike,25.82666841,37,2,4.557894737,Metropolitian,0.847
D0511,Meena Nair,Bike,16.99225397,13,0,4.638461538,Urban,0.806
D0512,Kiran Gupta,Bike,24.97764759,12,0,4.516666667,Metropolitian,0.858
D0513,Anita Kumar,Bike,23.68054877,30,1,4.709677419,Metropolitian,0.847
D0514,Vikram Sharma,Bike,26.04164526,35,8,4.656097561,Metropolitian,0.8
D0515,Arjun Reddy,Bike,22.27895278,12,0,4.618181818,Urban,0.844
D0516,Meena Reddy,Bike,20.36496892,12,2,4.585714286,Metropolitian,0.771
D0517,Ravi Iyer,Car,20.49445699,6,3,4.755555556,Metropolitian,0.706
D0518,Arjun Reddy,Scooter,26.62749008,16,0,4.725,Urban,0.883
D0519,Ravi Chopra,Scooter,19.58799393,9,1,4.68,Urban,0.788
D0520,Ravi Sharma,Car,27.74106202,3,1,4.775,Urban,0.795
D0521,Sunita Nair,Car,19.97514883,8,0,4.671428571,Metropolitian,0.83
D0522,Meena Chopra,Bike,21.00403276,11,1,4.691666667,Urban,0.806
D0523,Suresh Patel,Car,10.78308835,2,0,4.75,Urban,0.766
D0524,Arjun Patel,Bike,20.30564271,5,2,4.457142857,Metropolitian,0.705
D0525,Priya Nair,Scooter,40,2,0,4.75,Urban,0.985
D0526,Anita Gupta,Bike,24.6915608,12,2,4.607692308,Metropolitian,0.805
D0527,Meena Sharma,Scooter,37.69100288,2,0,4.9,Urban,0.977
D0528,Kiran Nair,Bike,25.39214916,33,2,4.621212121,Metropolitian,0.845
D0529,Anita Patel,Bike,19.67915203,17,0,4.676470588,Urban,0.828
D0530,Sunita Sharma,Bike,22.47922437,39,4,4.54047619,Metropolitian,0.804
D0531,Meena Iyer,Car,20.45036618,9,0,4.688888889,Urban,0.835
D0532,Arjun Kumar,Scooter,21.15493768,34,7,4.5975,Metropolitian,0.766
D0533,Kiran Kumar,Bike,24.46128512,35,2,4.591176471,Metropolitian,0.837
D0534,Rajesh Kumar,Bike,20.84652972,8,0,4.725,Urban,0.84
D0535,Vikram Sharma,Car,23.01211806,41,6,4.689130435,Metropolitian,0.803
D0536,Arjun Gupta,Bike,23.57139857,41,3,4.661363636,Metropolitian,0.829
D0537,Vikram Patel,Bike,21.06790507,37,3,4.610526316,Metropolitian,0.805
D0538,Rajesh Chopra,Scooter,22.64540548,42,3,4.688372093,Metropolitian,0.824
D0539,Ravi Patel,Scooter,17.94103429,37,6,4.555,Metropolitian,0.752
D0540,Rajesh Reddy,Scooter,25.83382017,7,2,4.666666667,Metropolitian,0.785
D0541,Suresh Singh,Bike,23.53982889,8,0,4.8,Metropolitian,0.865
D0542,Kiran Gupta,Bicycle,17.23571171,10,0,4.711111111,Urban,0.812
D0543,Arjun Singh,Scooter,40,1,0,4.6,Urban,0.976
D0544,Sunita Das,Bike,19.24440481,2,1,4.466666667,Urban,0.679
D0545,Ravi Nair,Scooter,22.26148749,16,1,4.670588235,Urban,0.824
D0546,Priya Patel,Scooter,20.97206167,40,9,4.62173913,Metropolitian,0.761
D0547,Ravi Kumar,Bike,22.41799555,11,1,4.716666667,Urban,0.818
D0548,Anita Chopra,Bike,26.07264791,2,1,4.766666667,Urban,0.748
D0549,Rajesh Nair,Bike,27.40706027,3,1,4.625,Urban,0.783
D0550,Vikram Iyer,Scooter,23.35867483,9,0,4.6625,Metropolitian,0.855
D0551,Rajesh Nair,Car,25.41692107,10,1,4.645454545,Urban,0.833
D0552,Ravi Iyer,Bike,23.21586644,7,1,4.7875,Metropolitian,0.811
D0553,Rajesh Chopra,Bike,22.61078202,28,0,4.569230769,Metropolitian,0.844
D0554,Anita Gupta,Bike,26.97612962,10,1,4.72,Metropolitian,0.849
D0555,Meena Singh,Scooter,21.7742193,26,2,4.771428571,Metropolitian,0.821
D0556,Sunita Das,Bicycle,23.79799642,37,6,4.651282051,Metropolitian,0.802
D0557,Priya Sharma,Bike,9.012206139,6,0,4.76,Metropolitian,0.753
D0558,Arjun Patel,Bike,24.73241818,4,0,4.525,Urban,0.857
D0559,Meena Kumar,Scooter,22.14353689,3,1,4.85,Urban,0.757
D0560,Kiran Gupta,Bike,23.58800546,1,0,4.8,Urban,0.865
D0561,Arjun Kumar,Scooter,5,1,0,4.8,Urban,0.726
D0562,Ravi Reddy,Scooter,25.0640753,0,1,4.65,Semi-Urban,0.812
D0563,Priya Patel,Car,23.72499482,6,0,4.833333333,Metropolitian,0.868
D0564,Priya Patel,Bike,20.91343192,28,2,4.606896552,Metropolitian,0.807
D0565,Arjun Singh,Bike,5,0,1,3.7,Semi-Urban,0.26
D0566,Sunita Reddy,Scooter,19.75709532,41,3,4.615909091,Metropolitian,0.798
D0567,Sunita Chopra,Bike,33.30010993,2,0,4.9,Urban,0.944
D0568,Arjun Reddy,Car,18.47062573,42,5,4.597777778,Metropolitian,0.772
D0569,Vikram Reddy,Scooter,26.13073023,5,0,4.4,Urban,0.86
D0570,Suresh Kumar,Bike,23.54983202,6,0,4.766666667,Urban,0.863
D0571,Rajesh Singh,Car,17.3764237,12,0,4.783333333,Urban,0.817
D0572,Anita Gupta,Bike,22.80559398,8,0,4.85,Urban,0.862
D0573,Arjun Iyer,Bike,17.54965888,0,2,4.7,Semi-Urban,0.414
D0574,Kiran Chopra,Scooter,20.69948113,6,1,4.685714286,Metropolitian,0.779
D0575,Suresh Singh,Bike,16.25251534,6,1,4.828571429,Metropolitian,0.754
D0576,Priya Reddy,Scooter,20.61531989,2,0,4.9,Urban,0.849
D0577,Kiran Das,Bike,24.66963607,3,0,4.466666667,Urban,0.853
D0578,Kiran Nair,Scooter,20.06550062,14,0,4.585714286,Urban,0.826
D0579,Anita Sharma,Bike,22.27377058,10,1,4.611111111,Metropolitian,0.807
D0580,Vikram Kumar,Bike,21.7987854,10,0,4.6625,Metropolitian,0.843
D0581,Anita Singh,Scooter,17.80824657,34,6,4.625641026,Metropolitian,0.751
D0582,Ravi Singh,Scooter,20.64312804,38,6,4.688095238,Metropolitian,0.782
D0583,Vikram Iyer,Scooter,21.43364229,31,5,4.647222222,Metropolitian,0.784
D0584,Vikram Patel,Bike,31.75323672,3,0,4.8,Urban,0.926
D0585,Rajesh Gupta,Bike,22.70825515,38,3,4.53,Metropolitian,0.813
D0586,Suresh Reddy,Bike,26.54444159,18,0,4.782352941,Urban,0.886
D0587,Anita Patel,Bike,24.12923525,34,5,4.648648649,Metropolitian,0.809
D0588,Anita Kumar,Scooter,25.27415036,33,2,4.665714286,Metropolitian,0.847
D0589,Priya Singh,Bicycle,24.39626247,8,1,4.811111111,Metropolitian,0.827
D0590,Anita Kumar,Car,25.98409392,11,0,4.854545455,Urban,0.886
D0591,Kiran Patel,Scooter,18.72939604,3,1,4.7,Urban,0.722
D0592,Rajesh Nair,Scooter,21.17204392,7,0,4.585714286,Urban,0.834
D0593,Meena Reddy,Bike,21.6041785,29,3,4.582758621,Metropolitian,0.799
D0594,Kiran Singh,Scooter,19.58445816,35,4,4.613157895,Metropolitian,0.783
D0595,Meena Sharma,Scooter,28.24977516,10,1,4.645454545,Metropolitian,0.854
D0596,Meena Reddy,Bike,19.9274569,12,0,4.663636364,Metropolitian,0.829
D0597,Suresh Iyer,Scooter,19.45757501,10,0,4.57,Metropolitian,0.82
D0598,Kiran Das,Bike,19.27761617,6,0,4.4,Metropolitian,0.809
D0599,Ravi Chopra,Bicycle,24.28872832,2,0,4.75,Urban,0.867
D0600,Sunita Iyer,Bike,27.8829075,10,0,4.88,Urban,0.902
D0601,Rajesh Nair,Scooter,30.57378658,2,0,4.9,Urban,0.923
D0602,Rajesh Chopra,Scooter,24.64315322,45,3,4.665957447,Metropolitian,0.84
D0603,Arjun Gupta,Bike,25.44557558,11,1,4.68,Metropolitian,0.838
D0604,Sunita Gupta,Bike,22.8192307,43,5,4.606521739,Metropolitian,0.806
D0605,Sunita Das,Scooter,7.408758394,0,1,4.7,Semi-Urban,0.338
D0606,Meena Nair,Car,9.760553984,1,0,5,Urban,0.773
D0607,Vikram Kumar,Bike,18.6282199,36,8,4.5425,Metropolitian,0.74
D0608,Sunita Iyer,Scooter,22.82353564,10,1,4.611111111,Urban,0.811
D0609,Anita Patel,Scooter,19.9917153,3,0,4.766666667,Urban,0.836
D0610,Sunita Nair,Scooter,22.54542338,13,0,4.723076923,Metropolitian,0.852
D0611,Rajesh Iyer,Car,22.6515571,40,4,4.607317073,Metropolitian,0.81
D0612,Anita Chopra,Scooter,25.2291492,14,0,4.664285714,Urban,0.869
D0613,Sunita Das,Car,9.715745295,0,1,4.6,Semi-Urban,0.349
D0614,Suresh Chopra,Bike,24.34269879,0,1,4.8,Semi-Urban,0.471
D0615,Ravi Chopra,Car,20.67309643,28,5,4.670967742,Metropolitian,0.775
D0616,Kiran Chopra,Scooter,28.47164785,4,0,4.725,Urban,0.897
D0617,Suresh Singh,Scooter,30.97360082,11,0,4.590909091,Urban,0.908
D0618,Sunita Sharma,Bike,18.67213247,11,1,4.633333333,Metropolitian,0.785
D0619,Sunita Singh,Bike,28.18358756,1,0,5,Urban,0.911
D0620,Kiran Das,Scooter,28.07145446,4,0,4.775,Urban,0.897
D0621,Vikram Kumar,Bike,25.78604696,7,1,4.625,Metropolitian,0.821
D0622,Arjun Singh,Bike,13.77459474,8,1,4.611111111,Urban,0.736
D0623,Priya Kumar,Bike,22.0747525,24,3,4.626923077,Metropolitian,0.799
D0624,Arjun Nair,Scooter,6.732084782,0,1,4.2,Semi-Urban,0.302
D0625,Sunita Das,Bike,30.51060883,2,0,4.7,Urban,0.911
D0626,Sunita Iyer,Scooter,21.93005424,10,1,4.754545455,Urban,0.813
D0627,Arjun Singh,Scooter,19.9231368,42,3,4.566666667,Metropolitian,0.797
D0628,Sunita Iyer,Bike,23.4657516,15,0,4.678571429,Urban,0.857
D0629,Rajesh Patel,Car,40,1,0,5,Urban,1
D0630,Suresh Nair,Bike,17.68145883,11,2,4.766666667,Urban,0.757
D0631,Vikram Kumar,Car,27.66970642,8,0,4.8,Metropolitian,0.896
D0632,Vikram Kumar,Car,21.01141093,3,1,4.825,Urban,0.747
D0633,Vikram Das,Bike,21.82555832,8,0,4.5125,Urban,0.834
D0634,Anita Gupta,Scooter,24.70133291,0,1,4.1,Semi-Urban,0.431
D0635,Rajesh Nair,Bike,17.25036723,11,3,4.55,Urban,0.717
D0636,Arjun Nair,Scooter,26.38502662,1,1,4.8,Urban,0.686
D0637,Anita Gupta,Bike,13.59028704,1,0,4.5,Urban,0.772
D0638,Arjun Das,Car,22.75017865,12,0,4.616666667,Urban,0.848
D0639,Sunita Nair,Bike,18.91482826,40,5,4.597727273,Metropolitian,0.773
D0640,Priya Kumar,Bike,24.29560588,48,3,4.610204082,Metropolitian,0.835
D0641,Vikram Patel,Scooter,17.93477284,29,9,4.673684211,Metropolitian,0.72
D0642,Priya Gupta,Scooter,25.67046666,4,0,4.8,Urban,0.881
D0643,Sunita Patel,Car,14.95290303,3,0,4.7,Urban,0.794
D0644,Rajesh Iyer,Scooter,19.37989004,11,1,4.491666667,Metropolitian,0.782
D0645,Priya Sharma,Bike,27.10995672,3,0,4.033333333,Urban,0.845
D0646,Priya Singh,Bicycle,23.82551765,2,0,4.8,Urban,0.867
D0647,Priya Kumar,Bike,19.53779592,5,4,4.622222222,Metropolitian,0.646
D0648,Vikram Das,Scooter,17.38846544,41,6,4.547727273,Metropolitian,0.752
D0649,Kiran Reddy,Bike,20.72858115,40,3,4.579069767,Metropolitian,0.802
D0650,Suresh Reddy,Bike,18.663731,10,0,4.68,Urban,0.821
D0651,Ravi Patel,Scooter,23.25607007,42,4,4.69,Metropolitian,0.821
D0652,Kiran Sharma,Bicycle,20.52536967,38,6,4.631818182,Metropolitian,0.777
D0653,Arjun Das,Bike,18.42616576,10,2,4.71,Metropolitian,0.754
D0654,Priya Chopra,Scooter,26.74996581,9,2,4.427272727,Metropolitian,0.794
D0655,Arjun Reddy,Bike,16.66882541,7,1,4.7125,Urban,0.758
D0656,Rajesh Reddy,Bike,5.680288719,0,1,4.4,Semi-Urban,0.307
D0657,Priya Das,Scooter,21.85326752,37,3,4.605128205,Metropolitian,0.81
D0658,Anita Nair,Bike,28.74354728,8,0,4.6375,Metropolitian,0.894
D0659,Priya Chopra,Bike,38.83481323,2,0,4.65,Urban,0.97
D0660,Rajesh Reddy,Bike,19.84246678,11,0,4.627272727,Metropolitian,0.826
D0661,Rajesh Iyer,Bike,15.34592985,4,1,4.5,Urban,0.705
D0662,Kiran Das,Bike,16.36569623,14,1,4.766666667,Urban,0.782
D0663,Vikram Chopra,Scooter,21.96410539,8,1,4.722222222,Metropolitian,0.804
D0664,Kiran Kumar,Scooter,13.24197735,0,1,4.2,Semi-Urban,0.351
D0665,Kiran Patel,Car,26.68772796,2,0,4.7,Urban,0.882
D0666,Suresh Reddy,Bike,17.12015072,39,7,4.495652174,Metropolitian,0.737
D0667,Kiran Sharma,Bicycle,23.78773339,13,1,4.669230769,Urban,0.83
D0668,Rajesh Singh,Bike,23.14193259,10,1,4.727272727,Urban,0.821
D0669,Vikram Nair,Scooter,21.27360278,12,1,4.692307692,Metropolitian,0.81
D0670,Sunita Chopra,Bike,19.9046847,5,1,4.65,Metropolitian,0.762
D0671,Suresh Iyer,Scooter,20.94010423,40,7,4.651111111,Metropolitian,0.777
D0672,Priya Das,Scooter,40,1,0,4.6,Urban,0.976
D0673,Sunita Reddy,Car,29.74483213,12,1,4.723076923,Urban,0.876
D0674,Kiran Sharma,Bike,24.41911484,11,1,4.583333333,Urban,0.825
D0675,Rajesh Kumar,Car,22.11236949,6,1,4.757142857,Urban,0.794
D0676,Suresh Das,Bike,19.95907587,0,1,4.7,Semi-Urban,0.432
D0677,Ravi Iyer,Bike,22.58064874,9,1,4.78,Metropolitian,0.816
D0678,Meena Chopra,Scooter,28.44048138,11,0,4.727272727,Urban,0.897
D0679,Anita Chopra,Bike,20.19037449,11,1,4.554545455,Urban,0.791
D0680,Priya Iyer,Bike,29.30080437,1,0,4.7,Urban,0.902
D0681,Anita Das,Bicycle,20.90801824,7,0,4.6,Metropolitian,0.833
D0682,Arjun Sharma,Car,26.18597335,11,0,4.68,Metropolitian,0.877
D0683,Rajesh Kumar,Scooter,27.05691558,12,1,4.630769231,Urban,0.85
D0684,Arjun Sharma,Car,19.59994301,8,0,4.7,Urban,0.829
D0685,Suresh Chopra,Bike,20.02895457,8,1,4.722222222,Metropolitian,0.789
D0686,Arjun Gupta,Bike,23.61887891,46,2,4.55106383,Metropolitian,0.834
D0687,Sunita Gupta,Scooter,30.70423459,1,1,4.4,Urban,0.694
D0688,Kiran Das,Car,20.73636557,11,2,4.569230769,Metropolitian,0.768
D0689,Rajesh Reddy,Scooter,20.54195772,45,3,4.66744186,Metropolitian,0.809
D0690,Suresh Das,Bike,24.25513358,41,5,4.63255814,Metropolitian,0.816
D0691,Anita Reddy,Bicycle,16.18300633,8,1,4.525,Metropolitian,0.748
D0692,Suresh Nair,Scooter,27.08489427,3,0,4.466666667,Urban,0.871
D0693,Meena Patel,Scooter,26.60893859,7,1,4.5,Metropolitian,0.82
D0694,Ravi Chopra,Scooter,24.98180568,4,0,4.6,Urban,0.863
D0695,Rajesh Iyer,Car,28.09872756,10,0,4.61,Urban,0.887
D0696,Sunita Gupta,Car,25.81050254,10,2,4.608333333,Urban,0.803
D0697,Meena Reddy,Scooter,13.1708154,0,1,4.7,Semi-Urban,0.381
D0698,Suresh Gupta,Car,22.34162362,0,1,4.7,Semi-Urban,0.45
D0699,Vikram Iyer,Bike,32.95680146,3,0,4.7,Urban,0.929
D0700,Kiran Sharma,Bike,25.45374315,8,1,4.7,Urban,0.828
D0701,Kiran Reddy,Car,27.83178943,2,0,4.5,Urban,0.879
D0702,Anita Das,Scooter,24.64495921,40,4,4.616666667,Metropolitian,0.825
D0703,Vikram Iyer,Bike,24.79345991,28,3,4.677419355,Metropolitian,0.828
D0704,Ravi Gupta,Scooter,40,1,0,4.65,Urban,0.812
D0705,Rajesh Chopra,Scooter,26.55564683,24,2,4.739130435,Metropolitian,0.853
D0706,Meena Kumar,Bike,22.67130786,10,0,4.92,Urban,0.865
D0707,Meena Gupta,Bike,16.31441454,2,0,4.65,Urban,0.801
D0708,Meena Iyer,Car,21.1110525,23,2,4.783333333,Metropolitian,0.813
D0709,Sunita Das,Scooter,36.636907,1,0,4.8,Urban,0.963
D0710,Ravi Reddy,Scooter,19.12558429,8,2,4.64,Metropolitian,0.742
D0711,Sunita Patel,Bike,25.6394507,33,8,4.684210526,Metropolitian,0.795
D0712,Vikram Nair,Bike,21.46216393,37,3,4.686111111,Metropolitian,0.812
D0713,Kiran Sharma,Scooter,25.03414694,22,3,4.636363636,Metropolitian,0.818
D0714,Anita Sharma,Scooter,26.71461501,8,1,4.755555556,Metropolitian,0.841
D0715,Priya Iyer,Bike,15.53678711,11,1,4.616666667,Metropolitian,0.76
D0716,Arjun Gupta,Bike,22.35310172,0,1,4.3,Semi-Urban,0.426
D0717,Rajesh Iyer,Scooter,20.20642098,3,0,4.666666667,Urban,0.832
D0718,Kiran Patel,Car,23.38124712,9,2,4.62,Metropolitian,0.78
D0719,Ravi Kumar,Bike,13.69853487,11,0,4.736363636,Urban,0.787
D0720,Vikram Das,Bike,22.64204138,9,1,4.56,Urban,0.803
D0721,Anita Das,Bike,22.18824565,11,0,4.58,Metropolitian,0.841
D0722,Arjun Patel,Bike,18.60701572,6,1,4.528571429,Urban,0.754
D0723,Ravi Das,Bike,17.21013797,8,1,4.6875,Metropolitian,0.766
D0724,Vikram Kumar,Bike,17.36699849,10,3,4.708333333,Urban,0.72
D0725,Vikram Nair,Bike,12.76931329,1,0,4.5,Urban,0.766
D0726,Vikram Singh,Bike,24.98385213,10,1,4.781818182,Metropolitian,0.838
D0727,Anita Das,Bike,22.49858971,30,3,4.57037037,Metropolitian,0.807
D0728,Vikram Iyer,Bike,23.51952822,8,1,4.7125,Metropolitian,0.815
D0729,Anita Singh,Scooter,23.69237794,36,2,4.719444444,Metropolitian,0.84
D0730,Sunita Kumar,Scooter,17.93377746,42,3,4.604651163,Metropolitian,0.784
D0731,Arjun Singh,Bike,24.32984141,39,4,4.504878049,Metropolitian,0.816
D0732,Suresh Gupta,Bike,24.29983735,38,3,4.681578947,Metropolitian,0.834
D0733,Kiran Reddy,Car,20.74285292,7,1,4.5875,Metropolitian,0.781
D0734,Kiran Gupta,Scooter,18.84421841,13,0,4.684615385,Urban,0.822
D0735,Priya Gupta,Scooter,21.00063871,8,1,4.6,Metropolitian,0.789
D0736,Vikram Nair,Bike,24.91205916,7,0,4.7,Metropolitian,0.869
D0737,Priya Iyer,Bike,19.82839554,8,2,4.4,Metropolitian,0.733
D0738,Priya Iyer,Bike,24.87291423,12,0,4.575,Metropolitian,0.861
D0739,Anita Das,Bike,22.49162706,35,1,4.562857143,Metropolitian,0.831
D0740,Ravi Nair,Bike,22.3805787,8,2,4.5,Metropolitian,0.758
D0741,Sunita Chopra,Bike,15.67995908,6,0,4.516666667,Metropolitian,0.789
D0742,Suresh Singh,Bike,17.83692108,38,4,4.628571429,Metropolitian,0.773
D0743,Suresh Das,Bike,21.84402809,0,1,4.65,Semi-Urban,0.812
D0744,Arjun Patel,Bike,25.15724166,8,0,4.3375,Metropolitian,0.849
D0745,Meena Das,Bike,7.862668347,0,1,4.1,Semi-Urban,0.305
D0746,Anita Patel,Bike,25.10590228,2,0,4.7,Urban,0.87
D0747,Suresh Patel,Bike,26.51630744,6,2,4.775,Metropolitian,0.785
D0748,Ravi Gupta,Scooter,21.15664005,6,1,4.5,Urban,0.772
D0749,Anita Patel,Bike,22.02471685,41,5,4.597826087,Metropolitian,0.798
D0750,Sunita Nair,Scooter,19.99563121,13,0,4.653846154,Urban,0.829
D0751,Suresh Reddy,Scooter,20.96266208,39,5,4.520930233,Metropolitian,0.783
D0752,Ravi Gupta,Bike,27.22613525,21,0,4.723809524,Urban,0.888
D0753,Kiran Kumar,Bike,14.09153534,2,0,4.7,Urban,0.788
D0754,Vikram Singh,Bike,22.81907487,13,0,4.553846154,Urban,0.844
D0755,Meena Gupta,Scooter,24.41257815,11,0,4.7,Urban,0.865
D0756,Ravi Iyer,Bike,19.23338918,8,4,4.5,Metropolitian,0.681
D0757,Suresh Gupta,Scooter,21.57876261,7,0,4.771428571,Urban,0.848
D0758,Arjun Kumar,Bike,40,2,0,4.55,Urban,0.973
D0759,Meena Gupta,Scooter,17.60898516,17,1,4.655555556,Urban,0.789
D0760,Suresh Iyer,Car,14.24181263,0,1,5,Semi-Urban,0.407
D0761,Kiran Nair,Scooter,18.08279236,14,1,4.56,Urban,0.783
D0762,Rajesh Das,Car,20.28992367,40,2,4.65,Metropolitian,0.812
D0763,Rajesh Chopra,Bike,15.20964825,0,1,4.3,Semi-Urban,0.372
D0764,Suresh Nair,Car,19.12481093,8,2,4.68,Metropolitian,0.744
D0765,Priya Iyer,Scooter,25.7052906,10,2,4.808333333,Urban,0.815
D0766,Suresh Nair,Scooter,14.13466125,8,2,4.355555556,Metropolitian,0.687
D0767,Kiran Reddy,Scooter,22.09138005,28,4,4.635483871,Metropolitian,0.794
D0768,Suresh Patel,Bike,20.93204114,9,0,4.5,Urban,0.827
D0769,Ravi Gupta,Car,18.38088191,8,0,4.657142857,Urban,0.817
D0770,Vikram Singh,Bike,22.65307186,11,0,4.772727273,Urban,0.856
D0771,Anita Kumar,Scooter,12.97234639,1,0,4.7,Urban,0.779
D0772,Sunita Singh,Bike,26.49559242,11,0,4.69,Urban,0.88
D0773,Priya Patel,Bicycle,17.13811054,2,0,4.7,Urban,0.811
D0774,Sunita Das,Car,23.57249762,14,0,4.778571429,Urban,0.864
D0775,Vikram Chopra,Bicycle,29.58095384,15,0,4.673333333,Urban,0.902
D0776,Vikram Iyer,Scooter,15.87934281,0,1,4.1,Semi-Urban,0.365
D0777,Meena Patel,Car,29.31240637,8,0,4.433333333,Metropolitian,0.886
D0778,Priya Gupta,Car,20.59729529,17,0,4.747058824,Urban,0.839
D0779,Anita Patel,Bike,14.85516399,4,1,4.56,Urban,0.705
D0780,Rajesh Das,Bike,25.08828809,37,7,4.577272727,Metropolitian,0.799
D0781,Priya Sharma,Bike,5,1,0,4.9,Urban,0.732
D0782,Meena Singh,Bike,14.95439457,6,4,4.688888889,Metropolitian,0.633
D0783,Priya Sharma,Bike,23.81206962,12,1,4.430769231,Urban,0.814
D0784,Anita Singh,Bike,23.71309994,34,6,4.702631579,Metropolitian,0.8
D0785,Ravi Iyer,Bike,24.24914189,9,0,4.7,Urban,0.864
D0786,Meena Nair,Bike,20.95788659,29,6,4.642857143,Metropolitian,0.767
D0787,Priya Gupta,Bike,8.276224312,2,0,4.5,Urban,0.732
D0788,Sunita Patel,Bike,19.06707183,11,5,4.50625,Urban,0.688
D0789,Rajesh Gupta,Car,24.21783918,40,3,4.709756098,Metropolitian,0.836
D0790,Vikram Iyer,Bike,18.51344812,15,0,4.673333333,Urban,0.819
D0791,Sunita Das,Bike,24.92765726,7,0,4.866666667,Metropolitian,0.879
D0792,Kiran Das,Scooter,13.93167038,0,1,4.6,Semi-Urban,0.38
D0793,Rajesh Chopra,Scooter,20.06518439,34,7,4.555,Metropolitian,0.755
D0794,Anita Iyer,Bike,10.30800902,2,0,5,Urban,0.777
D0795,Ravi Iyer,Scooter,16.99276768,10,1,4.636363636,Urban,0.769
D0796,Ravi Gupta,Bike,16.83012778,11,1,4.727272727,Urban,0.777
D0797,Sunita Patel,Bike,26.70717645,9,1,4.72,Metropolitian,0.844
D0798,Anita Nair,Bicycle,22.29136665,7,1,4.771428571,Urban,0.803
D0799,Ravi Das,Bike,21.31330765,4,2,4.65,Metropolitian,0.706
D0800,Rajesh Gupta,Bike,19.94920952,24,1,4.648,Urban,0.812
D0801,Priya Reddy,Scooter,24.79364965,4,1,4.58,Metropolitian,0.781
D0802,Suresh Gupta,Scooter,21.50201628,31,3,4.625,Metropolitian,0.803
D0803,Kiran Patel,Scooter,20.41724956,3,3,4.516666667,Metropolitian,0.624
D0804,Meena Singh,Scooter,22.07834413,35,3,4.575,Metropolitian,0.809
D0805,Meena Nair,Car,40,1,0,4.9,Urban,0.994
D0806,Suresh Nair,Bike,20.74006671,40,4,4.690909091,Metropolitian,0.801
D0807,Arjun Reddy,Car,19.54625677,5,1,4.483333333,Metropolitian,0.749
D0808,Priya Singh,Scooter,17.6831398,8,1,4.655555556,Metropolitian,0.768
D0809,Priya Iyer,Bike,11.43374204,3,0,4.8,Urban,0.774
D0810,Sunita Iyer,Scooter,18.71794348,9,0,4.522222222,Metropolitian,0.812
D0811,Anita Patel,Scooter,26.71521643,2,0,4.7,Urban,0.882
D0812,Anita Nair,Scooter,20.87000779,6,2,4.45,Urban,0.724
D0813,Sunita Chopra,Bicycle,26.55780885,10,1,4.518181818,Metropolitian,0.834
D0814,Ravi Sharma,Bike,24.79921464,6,1,4.7,Metropolitian,0.811
D0815,Suresh Chopra,Car,10.36567304,5,2,4.571428571,Metropolitian,0.638
D0816,Kiran Chopra,Bike,22.43644354,36,4,4.531578947,Metropolitian,0.8
D0817,Anita Gupta,Bike,30.0829181,4,0,4.733333333,Urban,0.91
D0818,Sunita Iyer,Bike,21.39380831,37,5,4.634146341,Metropolitian,0.791
D0819,Vikram Iyer,Scooter,20.03430653,34,5,4.5375,Metropolitian,0.771
D0820,Priya Gupta,Bike,15.49490392,0,1,4.6,Semi-Urban,0.392
D0821,Priya Sharma,Scooter,23.94349,10,1,4.433333333,Metropolitian,0.809
D0822,Meena Nair,Bike,25.04952348,35,3,4.652631579,Metropolitian,0.835
D0823,Anita Das,Scooter,17.13010374,0,1,4.1,Semi-Urban,0.374
D0824,Priya Nair,Bike,23.52310428,11,1,4.53,Urban,0.815
D0825,Arjun Singh,Scooter,24.87531942,37,2,4.565789474,Metropolitian,0.84
D0826,Meena Sharma,Bike,23.23813072,41,3,4.61,Metropolitian,0.824
D0827,Kiran Sharma,Scooter,21.22647432,3,0,4.85,Urban,0.85
D0828,Vikram Iyer,Bike,22.71926578,41,4,4.565909091,Metropolitian,0.809
D0829,Kiran Iyer,Car,23.0779836,6,0,4.7,Metropolitian,0.855
D0830,Rajesh Chopra,Scooter,18.02399146,38,7,4.653658537,Metropolitian,0.752
D0831,Kiran Patel,Car,11.49183735,0,1,4.4,Semi-Urban,0.35
D0832,Suresh Gupta,Scooter,20.11353683,12,1,4.638461538,Urban,0.798
D0833,Priya Nair,Scooter,28.13545401,12,2,4.766666667,Urban,0.84
D0834,Meena Singh,Scooter,17.70511382,43,5,4.564583333,Metropolitian,0.765
D0835,Rajesh Nair,Bike,21.74823667,12,0,4.683333333,Urban,0.844
D0836,Vikram Das,Bike,22.08238528,8,1,4.3875,Metropolitian,0.784
D0837,Vikram Nair,Car,21.20187197,3,0,5.133333333,Urban,0.867
D0838,Vikram Patel,Scooter,22.55216712,7,0,4.657142857,Metropolitian,0.849
D0839,Vikram Reddy,Scooter,40,1,0,4.65,Urban,0.812
D0840,Ravi Gupta,Bike,31.13290624,3,0,4.9,Urban,0.927
D0841,Suresh Reddy,Scooter,16.34367816,2,0,4.95,Urban,0.82
D0842,Vikram Iyer,Bike,18.8700145,15,3,4.655555556,Urban,0.754
D0843,Arjun Reddy,Bike,20.46628645,9,0,4.5875,Metropolitian,0.829
D0844,Anita Gupta,Bike,23.22577097,5,0,4.675,Urban,0.855
D0845,Arjun Kumar,Car,24.56128827,36,1,4.585294118,Metropolitian,0.849
D0846,Rajesh Chopra,Bike,18.83796691,7,0,4.442857143,Urban,0.808
D0847,Vikram Iyer,Scooter,20.96857026,3,0,4.6,Urban,0.833
D0848,Arjun Singh,Car,20.03377158,11,2,4.461538462,Urban,0.756
D0849,Sunita Gupta,Bike,28.42783562,8,1,4.65,Urban,0.848
D0850,Anita Iyer,Scooter,35.60970791,4,0,4.725,Urban,0.951
D0851,Meena Nair,Scooter,21.51940344,27,6,4.640740741,Metropolitian,0.767
D0852,Arjun Patel,Scooter,17.40612596,5,0,4.42,Urban,0.796
D0853,Ravi Reddy,Car,30.95749342,7,1,4.6625,Metropolitian,0.862
D0854,Rajesh Kumar,Bike,22.08238181,0,1,4.9,Semi-Urban,0.46
D0855,Suresh Nair,Bike,21.65953315,11,0,4.68,Urban,0.843
D0856,Suresh Iyer,Bike,15.56487235,4,0,4.7,Urban,0.799
D0857,Suresh Gupta,Scooter,23.89859462,6,0,4.5,Metropolitian,0.849
D0858,Arjun Kumar,Bike,19.58907742,42,2,4.619512195,Metropolitian,0.806
D0859,Kiran Reddy,Car,22.07615725,34,6,4.551351351,Metropolitian,0.779
D0860,Rajesh Patel,Bicycle,22.76101966,30,3,4.687096774,Metropolitian,0.816
D0861,Suresh Patel,Scooter,21.97561709,33,2,4.645714286,Metropolitian,0.821
D0862,Sunita Das,Scooter,26.31795126,8,0,4.571428571,Metropolitian,0.872
D0863,Meena Singh,Bike,21.8896336,14,1,4.553333333,Urban,0.811
D0864,Suresh Iyer,Bike,33.35156528,1,0,4.8,Urban,0.938
D0865,Sunita Kumar,Bike,28.71928287,4,0,4.725,Urban,0.899
D0866,Meena Das,Bike,19.46504208,2,0,4.75,Urban,0.831
D0867,Anita Kumar,Car,21.06544219,10,2,4.608333333,Metropolitian,0.768
D0868,Suresh Sharma,Bike,12.91218712,0,2,4.45,Semi-Urban,0.364
D0869,Vikram Chopra,Bike,19.47755197,43,4,4.64,Metropolitian,0.79
D0870,Ravi Patel,Bike,21.77631209,36,2,4.5,Metropolitian,0.812
D0871,Suresh Patel,Scooter,31.64501247,10,1,4.733333333,Urban,0.885
D0872,Rajesh Sharma,Car,31.05975108,5,0,4.78,Urban,0.92
D0873,Ravi Singh,Bike,17.22904876,4,0,4.85,Urban,0.82
D0874,Ravi Singh,Bike,23.45868155,30,2,4.7,Metropolitian,0.833
D0875,Suresh Reddy,Scooter,13.32662466,8,0,4.728571429,Urban,0.784
D0876,Arjun Kumar,Scooter,21.18369891,31,5,4.531428571,Metropolitian,0.775
D0877,Meena Reddy,Bike,14.09575696,5,2,4.85,Metropolitian,0.682
D0878,Vikram Iyer,Bike,28.24601049,5,0,4.92,Urban,0.907
D0879,Priya Chopra,Scooter,22.87448743,3,0,4.733333333,Urban,0.856
D0880,Rajesh Sharma,Scooter,15.36718208,0,1,4.65,Semi-Urban,0.812
D0881,Meena Singh,Scooter,22.31614484,3,0,4.7,Urban,0.849
D0882,Meena Iyer,Bike,23.11640198,34,3,4.67027027,Metropolitian,0.821
D0883,Rajesh Kumar,Scooter,24.02180619,8,2,4.67,Urban,0.78
D0884,Kiran Gupta,Car,19.08900231,31,6,4.654285714,Metropolitian,0.758
D0885,Arjun Reddy,Bike,25.7966273,8,0,4.7625,Urban,0.879
D0886,Sunita Sharma,Bike,17.58002945,1,0,5,Urban,0.832
D0887,Meena Nair,Scooter,21.10085908,9,0,4.5,Metropolitian,0.828
D0888,Suresh Iyer,Scooter,23.75138436,29,4,4.690909091,Metropolitian,0.811
D0889,Rajesh Das,Bike,25.25013792,38,4,4.592307692,Metropolitian,0.827
D0890,Arjun Iyer,Bike,21.1039989,33,6,4.572972973,Metropolitian,0.771
D0891,Kiran Reddy,Bike,13.53589625,8,1,4.711111111,Urban,0.74
D0892,Kiran Das,Car,28.64093095,2,0,4.8,Urban,0.903
D0893,Ravi Gupta,Bike,26.66028142,10,0,4.79,Urban,0.887
D0894,Priya Iyer,Bike,20.77144622,6,4,4.6,Metropolitian,0.672
D0895,Arjun Reddy,Scooter,26.82521032,15,0,4.846666667,Urban,0.892
D0896,Kiran Reddy,Bike,24.13488056,33,1,4.596969697,Metropolitian,0.845
D0897,Suresh Chopra,Scooter,20.83210397,2,1,4.633333333,Urban,0.701
D0898,Priya Kumar,Bike,36.11423737,2,0,4.8,Urban,0.959
D0899,Meena Chopra,Bike,27.83975071,3,0,4.733333333,Urban,0.893
D0900,Anita Patel,Bike,19.06705411,13,0,4.653846154,Urban,0.822
D0901,Suresh Das,Bike,20.34503149,37,5,4.573809524,Metropolitian,0.779
D0902,Rajesh Das,Bike,11.91947708,3,1,4.725,Urban,0.673
D0903,Suresh Iyer,Bike,26.47868409,7,0,4.685714286,Metropolitian,0.88
D0904,Sunita Chopra,Car,12.72823131,2,0,4.7,Urban,0.777
D0905,Vikram Nair,Bike,18.47311531,2,1,4.25,Urban,0.66
D0906,Kiran Das,Bike,24.68874072,10,1,4.46,Metropolitian,0.816
D0907,Meena Patel,Bicycle,30.78913946,4,1,4.8,Metropolitian,0.839
D0908,Vikram Sharma,Car,25.75969825,4,1,4.48,Metropolitian,0.782
D0909,Anita Chopra,Scooter,24.34477233,39,8,4.613636364,Metropolitian,0.791
D0910,Ravi Patel,Scooter,10.23183673,2,0,4.8,Urban,0.765
D0911,Ravi Singh,Scooter,21.00371543,10,1,4.645454545,Urban,0.8
D0912,Sunita Das,Bicycle,7.354355066,2,0,4.5,Urban,0.725
D0913,Priya Reddy,Scooter,21.71548078,41,7,4.676086957,Metropolitian,0.785
D0914,Suresh Iyer,Scooter,23.19449558,2,0,4.8,Urban,0.862
D0915,Kiran Singh,Bike,24.30080259,5,0,4.72,Metropolitian,0.865
D0916,Sunita Kumar,Scooter,21.36651473,9,1,4.711111111,Metropolitian,0.803
D0917,Vikram Kumar,Bike,18.49822437,12,1,4.692307692,Urban,0.79
D0918,Vikram Das,Bike,19.07862449,16,1,4.741176471,Urban,0.804
D0919,Sunita Singh,Bike,40,2,0,4.75,Urban,0.985
D0920,Anita Reddy,Car,21.66066105,41,8,4.589361702,Metropolitian,0.773
D0921,Rajesh Patel,Bike,25.90566076,6,0,4.683333333,Metropolitian,0.875
D0922,Vikram Reddy,Bike,23.57683053,42,3,4.679069767,Metropolitian,0.831
D0923,Rajesh Das,Bike,23.58349468,40,4,4.6925,Metropolitian,0.822
D0924,Anita Iyer,Scooter,18.16589614,4,0,4.8,Urban,0.824
D0925,Kiran Singh,Bike,12.31820134,0,1,4.2,Semi-Urban,0.344
D0926,Kiran Chopra,Scooter,25.72140953,11,1,4.691666667,Urban,0.841
D0927,Arjun Patel,Car,26.1917632,3,0,4.75,Urban,0.881
D0928,Sunita Chopra,Bike,27.05439417,16,2,4.477777778,Urban,0.827
D0929,Kiran Singh,Scooter,26.19827026,11,1,4.76,Urban,0.849
D0930,Vikram Chopra,Bike,21.79109993,14,0,4.764285714,Urban,0.849
D0931,Anita Chopra,Bike,22.12165352,12,0,4.708333333,Urban,0.848
D0932,Sunita Kumar,Bike,17.63877484,5,2,4.714285714,Metropolitian,0.701
D0933,Arjun Gupta,Scooter,30.79365916,3,1,4.466666667,Urban,0.799
D0934,Sunita Kumar,Scooter,21.49372877,8,4,4.55,Metropolitian,0.701
D0935,Rajesh Nair,Bike,18.96070011,10,0,4.53,Metropolitian,0.814
D0936,Suresh Iyer,Bike,25.61019832,17,1,4.670588235,Urban,0.85
D0937,Kiran Iyer,Bike,5,0,1,4.9,Semi-Urban,0.332
D0938,Anita Patel,Bike,23.34514065,2,0,4.75,Urban,0.86
D0939,Suresh Gupta,Scooter,26.99362614,11,1,4.663636364,Urban,0.849
D0940,Ravi Kumar,Scooter,19.86916007,8,2,4.47,Metropolitian,0.737
D0941,Sunita Chopra,Car,20.68408524,23,3,4.676923077,Metropolitian,0.79
D0942,Rajesh Sharma,Bike,31.65416524,11,1,4.625,Urban,0.882
D0943,Kiran Reddy,Bike,25.15958536,7,3,4.45,Metropolitian,0.736
D0944,Priya Patel,Bike,22.5,2,0,4.4,Urban,0.833
D0945,Rajesh Chopra,Car,16.49263566,8,2,4.52,Metropolitian,0.715
D0946,Rajesh Sharma,Scooter,25.40875376,9,1,4.825,Metropolitian,0.84
D0947,Kiran Das,Bike,19.41441011,11,1,4.663636364,Urban,0.792
D0948,Rajesh Gupta,Bike,26.78646886,13,1,4.664285714,Urban,0.852
D0949,Meena Nair,Bike,26.88260919,3,1,4.725,Urban,0.785
D0950,Vikram Singh,Bike,27.2796358,5,0,4.78,Urban,0.891
D0951,Sunita Nair,Bike,29.06036429,13,2,4.68,Urban,0.845
D0952,Priya Iyer,Bike,22.4297394,13,0,4.746153846,Urban,0.853
D0953,Sunita Patel,Bike,23.67354909,33,4,4.654054054,Metropolitian,0.814
D0954,Meena Reddy,Bike,23.49517188,37,9,4.45,Metropolitian,0.765
D0955,Suresh Sharma,Car,24.57340978,0,1,4.6,Semi-Urban,0.46
D0956,Vikram Kumar,Scooter,22.20640404,39,3,4.626190476,Metropolitian,0.816
D0957,Vikram Sharma,Scooter,24.28648287,40,3,4.523809524,Metropolitian,0.826
D0958,Vikram Patel,Bike,15.20115829,3,1,4.725,Urban,0.698
D0959,Anita Das,Bicycle,28.70720992,5,1,4.533333333,Urban,0.821
D0960,Ravi Gupta,Car,14.47925839,15,0,4.693333333,Urban,0.79
D0961,Meena Chopra,Scooter,20.3109208,1,3,4.55,Metropolitian,0.525
D0962,Ravi Nair,Scooter,21.94299676,19,1,4.7,Urban,0.827
D0963,Vikram Das,Scooter,24.15568443,9,0,4.511111111,Metropolitian,0.852
D0964,Anita Singh,Scooter,26.40995477,7,0,4.666666667,Urban,0.878
D0965,Kiran Patel,Bike,26.39004931,8,3,4.67,Metropolitian,0.769
D0966,Suresh Sharma,Scooter,24.29855533,4,1,4.56,Urban,0.776
D0967,Anita Chopra,Bike,21.27915314,21,5,4.52173913,Metropolitian,0.754
D0968,Rajesh Patel,Bike,20.61179346,7,0,4.485714286,Metropolitian,0.824
D0969,Meena Iyer,Bike,22.66312265,35,2,4.608823529,Metropolitian,0.825
D0970,Rajesh Kumar,Scooter,20.12542789,8,1,4.711111111,Metropolitian,0.789
D0971,Arjun Chopra,Bike,19.81094436,9,0,4.555555556,Metropolitian,0.822
D0972,Kiran Chopra,Car,22.43115188,32,2,4.6875,Metropolitian,0.826
D0973,Rajesh Chopra,Bike,16.07134099,1,2,4.533333333,Urban,0.526
D0974,Ravi Iyer,Bike,25.75423312,8,2,4.59,Metropolitian,0.789
D0975,Ravi Patel,Scooter,36.21867276,3,0,4.7,Urban,0.954
D0976,Ravi Singh,Bike,23.00884094,37,5,4.5675,Metropolitian,0.799
D0977,Anita Singh,Car,21.3411843,8,0,4.575,Urban,0.835
D0978,Suresh Nair,Car,23.42975992,41,4,4.668888889,Metropolitian,0.82
D0979,Anita Nair,Car,27.43989333,8,1,4.7,Metropolitian,0.843
D0980,Anita Singh,Car,40,1,0,4.6,Urban,0.976
D0981,Arjun Gupta,Bike,16.98845608,12,1,4.692307692,Urban,0.778
D0982,Ravi Nair,Scooter,20.06179502,10,1,4.77,Metropolitian,0.8
D0983,Kiran Iyer,Scooter,18.01108414,44,6,4.616666667,Metropolitian,0.764
D0984,Ravi Singh,Bike,31.58946268,2,0,3.8,Urban,0.865
D0985,Suresh Nair,Car,16.18581104,9,1,4.75,Metropolitian,0.766
D0986,Sunita Iyer,Bike,20.85080752,29,4,4.706060606,Metropolitian,0.79
D0987,Arjun Reddy,Scooter,21.76197687,30,2,4.622580645,Metropolitian,0.816
D0988,Ravi Das,Scooter,25.79543099,0,1,5,Semi-Urban,0.493
D0989,Vikram Nair,Bike,27.14110514,17,0,4.6,Urban,0.88
D0990,Sunita Sharma,Bike,18.70553796,7,3,4.566666667,Metropolitian,0.694
D0991,Suresh Gupta,Bike,23.70030273,30,2,4.666666667,Metropolitian,0.833
D0992,Ravi Sharma,Bike,25.15654148,14,1,4.6,Urban,0.838
D0993,Vikram Nair,Bike,13.30186368,0,1,4.7,Semi-Urban,0.382
D0994,Suresh Kumar,Bike,25.60518237,6,0,4.6,Urban,0.868
D0995,Sunita Das,Car,23.26512708,11,0,4.672727273,Urban,0.855
D0996,Kiran Sharma,Scooter,22.4827203,30,3,4.645454545,Metropolitian,0.811
D0997,Priya Iyer,Scooter,25.40214069,2,0,4.8,Urban,0.879
D0998,Meena Chopra,Car,23.428286,14,1,4.821428571,Urban,0.838
D0999,Meena Chopra,Car,25.73076175,6,1,4.571428571,Metropolitian,0.81
D1000,Vikram Chopra,Bike,21.65287392,5,0,4.54,Urban,0.835
D1001,Vikram Iyer,Scooter,27.74285151,37,2,4.6,Metropolitian,0.864
D1002,Anita Iyer,Scooter,5,1,0,4.7,Urban,0.72
D1003,Kiran Patel,Bike,18.36353432,13,0,4.723076923,Urban,0.821
D1004,Ravi Reddy,Car,17.4584878,13,1,4.7,Urban,0.784
D1005,Anita Sharma,Scooter,22.58205314,8,1,4.577777778,Urban,0.8
D1006,Meena Kumar,Bicycle,16.84211582,7,1,4.7625,Metropolitian,0.762
D1007,Kiran Chopra,Bike,21.21698359,7,0,4.742857143,Urban,0.844
D1008,Sunita Das,Bike,21.4494025,38,1,4.607894737,Metropolitian,0.827
D1009,Meena Gupta,Bike,29.98061088,6,0,4.766666667,Urban,0.911
D1010,Kiran Gupta,Car,21.92017975,0,1,5,Semi-Urban,0.464
D1011,Kiran Das,Bike,20.92187762,10,2,4.658333333,Urban,0.77
D1012,Rajesh Nair,Bike,15.20380865,7,2,4.455555556,Metropolitian,0.692
D1013,Priya Chopra,Bike,28.01340789,2,0,4.85,Urban,0.901
D1014,Kiran Patel,Bicycle,40,2,0,4.85,Urban,0.991
D1015,Suresh Gupta,Bike,30.90770214,5,0,4.78,Urban,0.919
D1016,Vikram Chopra,Car,21.86269965,4,0,4.675,Urban,0.844
D1017,Arjun Kumar,Bike,31.32747821,2,0,4.7,Urban,0.917
D1018,Suresh Chopra,Scooter,20.60405619,32,3,4.602941176,Metropolitian,0.796
D1019,Sunita Singh,Bike,24.18172323,10,1,4.58,Urban,0.82
D1020,Priya Nair,Car,25.61947576,11,1,4.65,Metropolitian,0.838
D1021,Suresh Kumar,Bike,15.3251226,1,0,4.9,Urban,0.809
D1022,Kiran Patel,Scooter,23.08665817,32,4,4.776470588,Metropolitian,0.815
D1023,Kiran Reddy,Bicycle,27.23232658,16,1,4.60625,Urban,0.857
D1024,Priya Iyer,Car,17.32996003,0,1,4.1,Semi-Urban,0.376
D1025,Sunita Reddy,Bike,25.83352969,6,1,4.628571429,Metropolitian,0.814
D1026,Sunita Gupta,Car,17.24948111,6,0,4.7,Metropolitian,0.811
D1027,Meena Iyer,Bike,20.50420599,10,1,4.472727273,Metropolitian,0.786
D1028,Anita Das,Scooter,20.27403146,13,0,4.683333333,Metropolitian,0.833
D1029,Arjun Gupta,Scooter,13.64573348,5,0,4.7,Urban,0.784
D1030,Vikram Sharma,Bike,17.86248586,10,2,4.636363636,Metropolitian,0.745
D1031,Arjun Singh,Bike,17.33385295,15,2,4.505882353,Urban,0.753
D1032,Priya Chopra,Scooter,22.46279446,5,0,4.46,Urban,0.836
D1033,Arjun Singh,Scooter,14.59231666,7,1,4.657142857,Metropolitian,0.739
D1034,Ravi Das,Bike,24.512619,13,0,4.6,Urban,0.86
D1035,Vikram Chopra,Bike,23.42806683,4,0,4.725,Urban,0.859
D1036,Anita Singh,Scooter,20.09201606,18,0,4.647058824,Urban,0.83
D1037,Meena Nair,Bicycle,23.12475789,41,4,4.5825,Metropolitian,0.813
D1038,Ravi Sharma,Bike,24.13018336,36,5,4.642105263,Metropolitian,0.811
D1039,Suresh Reddy,Bike,29.40981317,2,1,4.9,Urban,0.781
D1040,Meena Sharma,Bike,25.03346514,8,0,4.733333333,Metropolitian,0.872
D1041,Vikram Sharma,Bike,20.41398081,30,6,4.634285714,Metropolitian,0.764
D1042,Priya Das,Car,18.48963321,6,4,4.73,Metropolitian,0.662
D1043,Kiran Sharma,Bike,17.51732907,34,8,4.685,Metropolitian,0.736
D1044,Rajesh Gupta,Scooter,23.93916164,3,0,4.8,Urban,0.868
D1045,Suresh Nair,Scooter,35.7776766,3,0,4.85,Urban,0.959
D1046,Ravi Reddy,Bike,20.18193787,8,0,4.6625,Metropolitian,0.831
D1047,Priya Reddy,Bike,23.36963855,0,1,4.2,Semi-Urban,0.427
D1048,Suresh Iyer,Car,24.53554217,0,1,4.6,Semi-Urban,0.46
D1049,Priya Iyer,Car,22.03807067,26,4,4.644444444,Metropolitian,0.791
D1050,Arjun Kumar,Bike,23.76735715,10,2,4.725,Urban,0.795
D1051,Sunita Chopra,Bicycle,26.47517761,17,0,4.693333333,Urban,0.88
D1052,Anita Patel,Bike,22.25413596,32,2,4.723529412,Metropolitian,0.827
D1053,Vikram Sharma,Scooter,25.52470869,11,1,4.63,Urban,0.836
D1054,Meena Gupta,Scooter,23.50033749,0,1,4.9,Semi-Urban,0.47
D1055,Ravi Chopra,Bike,20.76840493,8,0,4.585714286,Urban,0.831
D1056,Suresh Patel,Bike,22.45435114,31,1,4.682758621,Metropolitian,0.837
D1057,Ravi Patel,Bike,20.57626349,11,0,4.609090909,Urban,0.831
D1058,Ravi Iyer,Car,18.79204391,29,9,4.541666667,Metropolitian,0.719
D1059,Arjun Patel,Bike,23.27772458,41,5,4.665909091,Metropolitian,0.811
D1060,Kiran Patel,Bike,22.68077373,2,0,4.4,Urban,0.834
D1061,Sunita Reddy,Car,30.70024726,4,0,4.766666667,Urban,0.916
D1062,Sunita Iyer,Bike,19.40441112,38,4,4.685365854,Metropolitian,0.789
D1063,Kiran Reddy,Scooter,25.43968754,9,3,4.7,Metropolitian,0.773
D1064,Meena Patel,Bicycle,20.40636963,25,3,4.655555556,Metropolitian,0.79
D1065,Suresh Kumar,Bike,15.11992476,5,1,4.5,Metropolitian,0.717
D1066,Arjun Iyer,Scooter,21.82650943,10,1,4.618181818,Urban,0.804
D1067,Meena Reddy,Bike,21.89533363,40,7,4.524444444,Metropolitian,0.776
D1068,Arjun Patel,Bike,28.69261153,10,3,4.615384615,Metropolitian,0.8
D1069,Sunita Nair,Scooter,20.82185428,38,7,4.604545455,Metropolitian,0.77
D1070,Priya Reddy,Bike,20.49057808,44,1,4.562222222,Metropolitian,0.819
D1071,Rajesh Nair,Bike,26.826262,10,1,4.566666667,Metropolitian,0.839
D1072,Suresh Kumar,Bike,23.4257512,6,1,4.728571429,Metropolitian,0.802
D1073,Suresh Das,Bike,20.54014889,26,3,4.659259259,Metropolitian,0.792
D1074,Anita Sharma,Bike,23.66452479,12,0,4.563636364,Metropolitian,0.851
D1075,Sunita Patel,Scooter,24.27919519,28,2,4.651724138,Metropolitian,0.835
D1076,Arjun Patel,Bike,21.7775799,9,1,4.8,Metropolitian,0.811
D1077,Anita Patel,Bike,21.28228461,7,0,4.842857143,Urban,0.85
D1078,Anita Chopra,Scooter,19.52110663,1,0,4.6,Urban,0.822
D1079,Priya Iyer,Scooter,25.7125677,8,0,4.528571429,Metropolitian,0.865
D1080,Priya Sharma,Bike,20.54322726,34,3,4.566666667,Metropolitian,0.796
D1081,Meena Sharma,Scooter,20.20821522,41,8,4.570833333,Metropolitian,0.761
D1082,Meena Das,Scooter,27.80577268,2,1,4.7,Urban,0.757
D1083,Vikram Patel,Bike,22.72287402,5,2,4.742857143,Metropolitian,0.741
D1084,Arjun Das,Car,12.30142852,0,1,4.6,Semi-Urban,0.368
D1085,Ravi Reddy,Bike,17.94289356,46,4,4.686956522,Metropolitian,0.784
D1086,Priya Nair,Car,23.88824774,9,1,4.688888889,Metropolitian,0.82
D1087,Arjun Chopra,Car,19.44541035,0,1,4.6,Semi-Urban,0.422
D1088,Anita Reddy,Car,31.74832602,2,0,4.65,Urban,0.917
D1089,Suresh Chopra,Bicycle,14.8932426,0,1,4.7,Semi-Urban,0.394
D1090,Meena Kumar,Bike,19.60616179,15,1,4.65,Urban,0.801
D1091,Priya Sharma,Scooter,24.82907177,11,1,4.708333333,Metropolitian,0.835
D1092,Ravi Reddy,Scooter,20.89208682,11,0,4.672727273,Metropolitian,0.837
D1093,Sunita Iyer,Bike,15.88838186,11,0,4.618181818,Urban,0.796
D1094,Ravi Reddy,Bike,26.80101935,7,1,4.585714286,Urban,0.826
D1095,Priya Sharma,Bike,18.10196683,32,6,4.624324324,Metropolitian,0.75
D1096,Ravi Chopra,Bike,22.3632547,9,1,4.51,Metropolitian,0.798
D1097,Ravi Iyer,Bike,20.11009634,32,1,4.684375,Metropolitian,0.82
D1098,Anita Sharma,Bike,22.73941934,13,0,4.616666667,Urban,0.848
D1099,Arjun Chopra,Bike,20.00437673,14,0,4.769230769,Urban,0.836
D1100,Vikram Kumar,Bike,6.783897174,1,0,4.8,Urban,0.739
